Title:;Constant maturity rate 10 years
Series key:;FM.D.FR.EUR.FR2.BB.FRMOYTEC10.HSTA
Unit:;Percent (PC)
Multiplier:;Units (0)
Collection:;End of period (E)
Source:;Bank of France, MTS France (MTS)
2025-10-24;3.42
2025-10-23;3.36
2025-10-22;3.33
2025-10-21;3.34
2025-10-20;3.38
2025-10-19;-
2025-10-18;-
2025-10-17;3.31
2025-10-16;3.34
2025-10-15;3.36
2025-10-14;3.42
2025-10-13;3.46
2025-10-12;-
2025-10-11;-
2025-10-10;3.49
2025-10-09;3.49
2025-10-08;3.51
2025-10-07;3.58
2025-10-06;3.57
2025-10-05;-
2025-10-04;-
2025-10-03;3.51
2025-10-02;3.51
2025-10-01;3.55
2025-09-30;3.51
2025-09-29;3.53
2025-09-28;-
2025-09-27;-
2025-09-26;3.57
2025-09-25;3.55
2025-09-24;3.53
2025-09-23;3.54
2025-09-22;3.54
2025-09-21;-
2025-09-20;-
2025-09-19;3.52
2025-09-18;3.47
2025-09-17;3.45
2025-09-16;3.45
2025-09-15;3.46
2025-09-14;-
2025-09-13;-
2025-09-12;3.44
2025-09-11;3.43
2025-09-10;3.45
2025-09-09;3.46
2025-09-08;3.49
2025-09-07;-
2025-09-06;-
2025-09-05;3.52
2025-09-04;3.54
2025-09-03;3.62
2025-09-02;3.62
2025-09-01;3.57
2025-08-31;-
2025-08-30;-
2025-08-29;3.54
2025-08-28;3.51
2025-08-27;3.52
2025-08-26;3.54
2025-08-25;3.49
2025-08-24;-
2025-08-23;-
2025-08-22;3.48
2025-08-21;3.45
2025-08-20;3.45
2025-08-19;3.48
2025-08-18;3.45
2025-08-17;-
2025-08-16;-
2025-08-15;3.43
2025-08-14;3.34
2025-08-13;3.38
2025-08-12;3.39
2025-08-11;3.36
2025-08-10;-
2025-08-09;-
2025-08-08;3.35
2025-08-07;3.33
2025-08-06;3.33
2025-08-05;3.32
2025-08-04;3.38
2025-08-03;-
2025-08-02;-
2025-08-01;3.4
2025-07-31;3.37
2025-07-30;3.37
2025-07-29;3.39
2025-07-28;3.38
2025-07-27;-
2025-07-26;-
2025-07-25;3.45
2025-07-24;3.35
2025-07-23;3.31
2025-07-22;3.34
2025-07-21;3.37
2025-07-20;-
2025-07-19;-
2025-07-18;3.42
2025-07-17;3.42
2025-07-16;3.42
2025-07-15;3.41
2025-07-14;3.44
2025-07-13;-
2025-07-12;-
2025-07-11;3.43
2025-07-10;3.36
2025-07-09;3.37
2025-07-08;3.39
2025-07-07;3.29
2025-07-06;-
2025-07-05;-
2025-07-04;3.26
2025-07-03;3.3
2025-07-02;3.3
2025-07-01;3.24
2025-06-30;3.27
2025-06-29;-
2025-06-28;-
2025-06-27;3.27
2025-06-26;3.25
2025-06-25;3.23
2025-06-24;3.25
2025-06-23;3.28
2025-06-22;-
2025-06-21;-
2025-06-20;3.27
2025-06-19;3.26
2025-06-18;3.26
2025-06-17;3.26
2025-06-16;3.28
2025-06-15;-
2025-06-14;-
2025-06-13;3.2
2025-06-12;3.21
2025-06-11;3.24
2025-06-10;3.23
2025-06-09;3.2
2025-06-08;-
2025-06-07;-
2025-06-06;3.22
2025-06-05;3.18
2025-06-04;3.2
2025-06-03;3.17
2025-06-02;3.22
2025-06-01;-
2025-05-31;-
2025-05-30;3.2
2025-05-29;3.25
2025-05-28;3.23
2025-05-27;3.2
2025-05-26;3.28
2025-05-25;-
2025-05-24;-
2025-05-23;3.3
2025-05-22;3.31
2025-05-21;3.32
2025-05-20;3.23
2025-05-19;3.31
2025-05-18;-
2025-05-17;-
2025-05-16;3.24
2025-05-15;3.35
2025-05-14;3.34
2025-05-13;3.34
2025-05-12;3.3
2025-05-11;-
2025-05-10;-
2025-05-09;3.27
2025-05-08;3.2
2025-05-07;3.22
2025-05-06;3.24
2025-05-05;3.2
2025-05-04;-
2025-05-03;-
2025-05-02;3.16
2025-05-01;-
2025-04-30;3.16
2025-04-29;3.18
2025-04-28;3.2
2025-04-27;-
2025-04-26;-
2025-04-25;3.15
2025-04-24;3.17
2025-04-23;3.2
2025-04-22;3.19
2025-04-21;-
2025-04-20;-
2025-04-19;-
2025-04-18;-
2025-04-17;3.27
2025-04-16;3.23
2025-04-15;3.23
2025-04-14;3.29
2025-04-13;-
2025-04-12;-
2025-04-11;3.34
2025-04-10;3.37
2025-04-09;3.36
2025-04-08;3.35
2025-04-07;3.24
2025-04-06;-
2025-04-05;-
2025-04-04;3.27
2025-04-03;3.35
2025-04-02;3.37
2025-04-01;3.35
2025-03-31;3.38
2025-03-30;-
2025-03-29;-
2025-03-28;3.39
2025-03-27;3.45
2025-03-26;3.45
2025-03-25;3.46
2025-03-24;3.43
2025-03-23;-
2025-03-22;-
2025-03-21;3.42
2025-03-20;3.43
2025-03-19;3.43
2025-03-18;3.48
2025-03-17;3.47
2025-03-16;-
2025-03-15;-
2025-03-14;3.54
2025-03-13;3.56
2025-03-12;3.56
2025-03-11;3.54
2025-03-10;3.49
2025-03-09;-
2025-03-08;-
2025-03-07;3.51
2025-03-06;3.53
2025-03-05;3.32
2025-03-04;3.15
2025-03-03;3.14
2025-03-02;-
2025-03-01;-
2025-02-28;3.08
2025-02-27;3.13
2025-02-26;3.12
2025-02-25;3.16
2025-02-24;3.18
2025-02-23;-
2025-02-22;-
2025-02-21;3.21
2025-02-20;3.23
2025-02-19;3.2
2025-02-18;3.19
2025-02-17;3.18
2025-02-16;-
2025-02-15;-
2025-02-14;3.12
2025-02-13;3.17
2025-02-12;3.17
2025-02-11;3.13
2025-02-10;3.09
2025-02-09;-
2025-02-08;-
2025-02-07;3.08
2025-02-06;3.12
2025-02-05;3.07
2025-02-04;3.14
2025-02-03;3.16
2025-02-02;-
2025-02-01;-
2025-01-31;3.23
2025-01-30;3.28
2025-01-29;3.27
2025-01-28;3.29
2025-01-27;3.27
2025-01-26;-
2025-01-25;-
2025-01-24;3.31
2025-01-23;3.29
2025-01-22;3.26
2025-01-21;3.29
2025-01-20;3.31
2025-01-19;-
2025-01-18;-
2025-01-17;3.31
2025-01-16;3.36
2025-01-15;3.44
2025-01-14;3.45
2025-01-13;3.47
2025-01-12;-
2025-01-11;-
2025-01-10;3.41
2025-01-09;3.4
2025-01-08;3.3
2025-01-07;3.29
2025-01-06;3.28
2025-01-05;-
2025-01-04;-
2025-01-03;3.25
2025-01-02;3.2
2025-01-01;-
2024-12-31;3.21
2024-12-30;3.21
2024-12-29;-
2024-12-28;-
2024-12-27;3.12
2024-12-26;3.12
2024-12-25;-
2024-12-24;3.12
2024-12-23;3.12
2024-12-22;-
2024-12-21;-
2024-12-20;3.11
2024-12-19;3.1
2024-12-18;3.05
2024-12-17;3.04
2024-12-16;3.04
2024-12-15;-
2024-12-14;-
2024-12-13;3.0
2024-12-12;2.93
2024-12-11;2.89
2024-12-10;2.86
2024-12-09;2.86
2024-12-08;-
2024-12-07;-
2024-12-06;2.85
2024-12-05;2.9
2024-12-04;2.94
2024-12-03;2.91
2024-12-02;2.9
2024-12-01;-
2024-11-30;-
2024-11-29;2.94
2024-11-28;3.0
2024-11-27;3.02
2024-11-26;3.02
2024-11-25;3.07
2024-11-24;-
2024-11-23;-
2024-11-22;3.04
2024-11-21;3.1
2024-11-20;3.09
2024-11-19;3.04
2024-11-18;3.12
2024-11-17;-
2024-11-16;-
2024-11-15;3.06
2024-11-14;3.14
2024-11-13;3.14
2024-11-12;3.07
2024-11-11;3.06
2024-11-10;-
2024-11-09;-
2024-11-08;3.15
2024-11-07;3.26
2024-11-06;3.12
2024-11-05;3.16
2024-11-04;3.16
2024-11-03;-
2024-11-02;-
2024-11-01;3.16
2024-10-31;3.14
2024-10-30;3.06
2024-10-29;3.05
2024-10-28;3.03
2024-10-27;-
2024-10-26;-
2024-10-25;3.0
2024-10-24;3.0
2024-10-23;3.04
2024-10-22;3.05
2024-10-21;2.94
2024-10-20;-
2024-10-19;-
2024-10-18;2.93
2024-10-17;2.94
2024-10-16;2.92
2024-10-15;2.98
2024-10-14;3.03
2024-10-13;-
2024-10-12;-
2024-10-11;3.03
2024-10-10;3.02
2024-10-09;3.0
2024-10-08;3.02
2024-10-07;3.01
2024-10-06;-
2024-10-05;-
2024-10-04;2.94
2024-10-03;2.91
2024-10-02;2.86
2024-10-01;2.81
2024-09-30;2.96
2024-09-29;-
2024-09-28;-
2024-09-27;2.9
2024-09-26;2.94
2024-09-25;2.89
2024-09-24;2.96
2024-09-23;2.92
2024-09-22;-
2024-09-21;-
2024-09-20;2.9
2024-09-19;2.92
2024-09-18;2.87
2024-09-17;2.81
2024-09-16;2.82
2024-09-15;-
2024-09-14;-
2024-09-13;2.82
2024-09-12;2.82
2024-09-11;2.8
2024-09-10;2.88
2024-09-09;2.93
2024-09-08;-
2024-09-07;-
2024-09-06;2.85
2024-09-05;2.93
2024-09-04;2.95
2024-09-03;3.02
2024-09-02;3.03
2024-09-01;-
2024-08-31;-
2024-08-30;2.96
2024-08-29;2.93
2024-08-28;2.97
2024-08-27;2.96
2024-08-26;2.92
2024-08-25;-
2024-08-24;-
2024-08-23;2.94
2024-08-22;2.91
2024-08-21;2.91
2024-08-20;2.94
2024-08-19;2.92
2024-08-18;-
2024-08-17;-
2024-08-16;2.94
2024-08-15;2.89
2024-08-14;2.9
2024-08-13;2.94
2024-08-12;2.95
2024-08-11;-
2024-08-10;-
2024-08-09;2.95
2024-08-08;2.96
2024-08-07;2.99
2024-08-06;2.94
2024-08-05;2.9
2024-08-04;-
2024-08-03;-
2024-08-02;2.96
2024-08-01;2.99
2024-07-31;3.01
2024-07-30;3.05
2024-07-29;3.05
2024-07-28;-
2024-07-27;-
2024-07-26;3.12
2024-07-25;3.09
2024-07-24;3.1
2024-07-23;3.1
2024-07-22;3.11
2024-07-21;-
2024-07-20;-
2024-07-19;3.06
2024-07-18;3.07
2024-07-17;3.05
2024-07-16;3.06
2024-07-15;3.1
2024-07-14;-
2024-07-13;-
2024-07-12;3.13
2024-07-11;3.15
2024-07-10;3.17
2024-07-09;3.17
2024-07-08;3.19
2024-07-07;-
2024-07-06;-
2024-07-05;3.23
2024-07-04;3.25
2024-07-03;3.28
2024-07-02;3.34
2024-07-01;3.3
2024-06-30;-
2024-06-29;-
2024-06-28;3.26
2024-06-27;3.21
2024-06-26;3.15
2024-06-25;3.13
2024-06-24;3.14
2024-06-23;-
2024-06-22;-
2024-06-21;3.11
2024-06-20;3.17
2024-06-19;3.14
2024-06-18;3.18
2024-06-17;3.16
2024-06-16;-
2024-06-15;-
2024-06-14;3.15
2024-06-13;3.19
2024-06-12;3.24
2024-06-11;3.3
2024-06-10;3.2
2024-06-09;-
2024-06-08;-
2024-06-07;3.06
2024-06-06;3.03
2024-06-05;3.04
2024-06-04;3.04
2024-06-03;3.12
2024-06-02;-
2024-06-01;-
2024-05-31;3.18
2024-05-30;3.16
2024-05-29;3.09
2024-05-28;3.03
2024-05-27;3.08
2024-05-26;-
2024-05-25;-
2024-05-24;3.06
2024-05-23;3.05
2024-05-22;3.03
2024-05-21;3.0
2024-05-20;3.02
2024-05-19;-
2024-05-18;-
2024-05-17;2.98
2024-05-16;2.92
2024-05-15;2.99
2024-05-14;3.0
2024-05-13;3.02
2024-05-12;-
2024-05-11;-
2024-05-10;2.97
2024-05-09;3.01
2024-05-08;2.94
2024-05-07;2.94
2024-05-06;2.94
2024-05-05;-
2024-05-04;-
2024-05-03;3.03
2024-05-02;3.05
2024-05-01;-
2024-04-30;3.04
2024-04-29;3.03
2024-04-28;-
2024-04-27;-
2024-04-26;3.12
2024-04-25;3.08
2024-04-24;3.05
2024-04-23;3.02
2024-04-22;3.06
2024-04-21;-
2024-04-20;-
2024-04-19;3.0
2024-04-18;2.97
2024-04-17;3.02
2024-04-16;2.98
2024-04-15;2.92
2024-04-14;-
2024-04-13;-
2024-04-12;2.9
2024-04-11;2.98
2024-04-10;2.86
2024-04-09;2.92
2024-04-08;2.96
2024-04-07;-
2024-04-06;-
2024-04-05;2.89
2024-04-04;2.9
2024-04-03;2.94
2024-04-02;2.88
2024-04-01;-
2024-03-31;-
2024-03-30;-
2024-03-29;-
2024-03-28;2.83
2024-03-27;2.84
2024-03-26;2.84
2024-03-25;2.84
2024-03-24;-
2024-03-23;-
2024-03-22;2.84
2024-03-21;2.84
2024-03-20;2.87
2024-03-19;2.89
2024-03-18;2.91
2024-03-17;-
2024-03-16;-
2024-03-15;2.9
2024-03-14;2.81
2024-03-13;2.77
2024-03-12;2.76
2024-03-11;2.73
2024-03-10;-
2024-03-09;-
2024-03-08;2.74
2024-03-07;2.78
2024-03-06;2.83
2024-03-05;2.86
2024-03-04;2.89
2024-03-03;-
2024-03-02;-
2024-03-01;2.96
2024-02-29;2.98
2024-02-28;2.94
2024-02-27;2.91
2024-02-26;2.85
2024-02-25;-
2024-02-24;-
2024-02-23;2.95
2024-02-22;2.94
2024-02-21;2.89
2024-02-20;2.88
2024-02-19;2.88
2024-02-18;-
2024-02-17;-
2024-02-16;2.88
2024-02-15;2.82
2024-02-14;2.88
2024-02-13;2.87
2024-02-12;2.88
2024-02-11;-
2024-02-10;-
2024-02-09;2.89
2024-02-08;2.82
2024-02-07;2.81
2024-02-06;2.84
2024-02-05;2.79
2024-02-04;-
2024-02-03;-
2024-02-02;2.69
2024-02-01;2.73
2024-01-31;2.71
2024-01-30;2.74
2024-01-29;2.74
2024-01-28;-
2024-01-27;-
2024-01-26;2.75
2024-01-25;2.88
2024-01-24;2.82
2024-01-23;2.81
2024-01-22;2.8
2024-01-21;-
2024-01-20;-
2024-01-19;2.84
2024-01-18;2.83
2024-01-17;2.77
2024-01-16;2.73
2024-01-15;2.71
2024-01-14;-
2024-01-13;-
2024-01-12;2.71
2024-01-11;2.72
2024-01-10;2.71
2024-01-09;2.74
2024-01-08;2.7
2024-01-07;-
2024-01-06;-
2024-01-05;2.7
2024-01-04;2.61
2024-01-03;2.61
2024-01-02;2.63
2024-01-01;-
2023-12-31;-
2023-12-30;-
2023-12-29;2.54
2023-12-28;2.45
2023-12-27;2.44
2023-12-26;-
2023-12-25;-
2023-12-24;-
2023-12-23;-
2023-12-22;2.47
2023-12-21;2.48
2023-12-20;2.5
2023-12-19;2.55
2023-12-18;2.55
2023-12-17;-
2023-12-16;-
2023-12-15;2.57
2023-12-14;2.57
2023-12-13;2.75
2023-12-12;2.78
2023-12-11;2.81
2023-12-10;-
2023-12-09;-
2023-12-08;2.78
2023-12-07;2.72
2023-12-06;2.82
2023-12-05;2.87
2023-12-04;2.94
2023-12-03;-
2023-12-02;-
2023-12-01;2.99
2023-11-30;2.99
2023-11-29;3.02
2023-11-28;3.1
2023-11-27;3.2
2023-11-26;-
2023-11-25;-
2023-11-24;3.2
2023-11-23;3.14
2023-11-22;3.14
2023-11-21;3.15
2023-11-20;3.15
2023-11-19;-
2023-11-18;-
2023-11-17;3.08
2023-11-16;3.18
2023-11-15;3.14
2023-11-14;3.27
2023-11-13;3.27
2023-11-12;-
2023-11-11;-
2023-11-10;3.31
2023-11-09;3.23
2023-11-08;3.23
2023-11-07;3.3
2023-11-06;3.28
2023-11-05;-
2023-11-04;-
2023-11-03;3.31
2023-11-02;3.3
2023-11-01;3.45
2023-10-31;3.39
2023-10-30;3.4
2023-10-29;-
2023-10-28;-
2023-10-27;3.45
2023-10-26;3.5
2023-10-25;3.46
2023-10-24;3.4
2023-10-23;3.55
2023-10-22;-
2023-10-21;-
2023-10-20;3.53
2023-10-19;3.56
2023-10-18;3.52
2023-10-17;3.41
2023-10-16;3.39
2023-10-15;-
2023-10-14;-
2023-10-13;3.34
2023-10-12;3.31
2023-10-11;3.31
2023-10-10;3.39
2023-10-09;3.47
2023-10-08;-
2023-10-07;-
2023-10-06;3.52
2023-10-05;3.55
2023-10-04;3.57
2023-10-03;3.5
2023-10-02;3.47
2023-10-01;-
2023-09-30;-
2023-09-29;3.44
2023-09-28;3.51
2023-09-27;3.36
2023-09-26;3.38
2023-09-25;3.35
2023-09-24;-
2023-09-23;-
2023-09-22;3.3
2023-09-21;3.3
2023-09-20;3.29
2023-09-19;3.26
2023-09-18;3.25
2023-09-17;-
2023-09-16;-
2023-09-15;3.21
2023-09-14;3.21
2023-09-13;3.23
2023-09-12;3.17
2023-09-11;3.17
2023-09-10;-
2023-09-09;-
2023-09-08;3.16
2023-09-07;3.18
2023-09-06;3.16
2023-09-05;3.13
2023-09-04;3.1
2023-09-03;-
2023-09-02;-
2023-09-01;3.02
2023-08-31;3.06
2023-08-30;3.1
2023-08-29;3.09
2023-08-28;3.12
2023-08-27;-
2023-08-26;-
2023-08-25;3.08
2023-08-24;3.02
2023-08-23;3.08
2023-08-22;3.22
2023-08-21;3.2
2023-08-20;-
2023-08-19;-
2023-08-18;3.18
2023-08-17;3.25
2023-08-16;3.21
2023-08-15;3.25
2023-08-14;3.15
2023-08-13;-
2023-08-12;-
2023-08-11;3.11
2023-08-10;3.08
2023-08-09;3.0
2023-08-08;3.04
2023-08-07;3.13
2023-08-06;-
2023-08-05;-
2023-08-04;3.16
2023-08-03;3.12
2023-08-02;3.08
2023-08-01;3.05
2023-07-31;3.06
2023-07-30;-
2023-07-29;-
2023-07-28;3.06
2023-07-27;3.03
2023-07-26;2.98
2023-07-25;2.98
2023-07-24;2.95
2023-07-23;-
2023-07-22;-
2023-07-21;3.02
2023-07-20;2.97
2023-07-19;2.86
2023-07-18;2.95
2023-07-17;3.01
2023-07-16;-
2023-07-15;-
2023-07-14;3.02
2023-07-13;3.02
2023-07-12;3.18
2023-07-11;3.17
2023-07-10;3.21
2023-07-09;-
2023-07-08;-
2023-07-07;3.18
2023-07-06;3.07
2023-07-05;2.99
2023-07-04;3.01
2023-07-03;2.92
2023-07-02;-
2023-07-01;-
2023-06-30;2.99
2023-06-29;2.88
2023-06-28;2.86
2023-06-27;2.84
2023-06-26;2.83
2023-06-25;-
2023-06-24;-
2023-06-23;2.89
2023-06-22;2.99
2023-06-21;2.95
2023-06-20;3.0
2023-06-19;3.0
2023-06-18;-
2023-06-17;-
2023-06-16;3.0
2023-06-15;3.01
2023-06-14;2.96
2023-06-13;2.91
2023-06-12;2.93
2023-06-11;-
2023-06-10;-
2023-06-09;2.97
2023-06-08;3.0
2023-06-07;2.92
2023-06-06;2.87
2023-06-05;2.92
2023-06-04;-
2023-06-03;-
2023-06-02;2.84
2023-06-01;2.86
2023-05-31;2.83
2023-05-30;2.99
2023-05-29;3.05
2023-05-28;-
2023-05-27;-
2023-05-26;3.1
2023-05-25;3.04
2023-05-24;3.03
2023-05-23;3.05
2023-05-22;2.98
2023-05-21;-
2023-05-20;-
2023-05-19;3.03
2023-05-18;2.97
2023-05-17;2.89
2023-05-16;2.85
2023-05-15;2.85
2023-05-14;-
2023-05-13;-
2023-05-12;2.81
2023-05-11;2.87
2023-05-10;2.93
2023-05-09;2.91
2023-05-08;-
2023-05-07;-
2023-05-06;-
2023-05-05;2.85
2023-05-04;2.83
2023-05-03;2.82
2023-05-02;2.94
2023-05-01;-
2023-04-30;-
2023-04-29;-
2023-04-28;2.91
2023-04-27;2.99
2023-04-26;2.89
2023-04-25;2.99
2023-04-24;3.01
2023-04-23;-
2023-04-22;-
2023-04-21;2.99
2023-04-20;3.02
2023-04-19;3.05
2023-04-18;3.03
2023-04-17;2.98
2023-04-16;-
2023-04-15;-
2023-04-14;2.94
2023-04-13;2.94
2023-04-12;2.87
2023-04-11;2.79
2023-04-10;-
2023-04-09;-
2023-04-08;-
2023-04-07;-
2023-04-06;2.7
2023-04-05;2.84
2023-04-04;2.84
2023-04-03;2.89
2023-04-02;-
2023-04-01;-
2023-03-31;2.9
2023-03-30;2.85
2023-03-29;2.85
2023-03-28;2.87
2023-03-27;2.73
2023-03-26;-
2023-03-25;-
2023-03-24;2.61
2023-03-23;2.82
2023-03-22;2.87
2023-03-21;2.77
2023-03-20;2.63
2023-03-19;-
2023-03-18;-
2023-03-17;2.82
2023-03-16;2.84
2023-03-15;2.89
2023-03-14;2.92
2023-03-13;2.83
2023-03-12;-
2023-03-11;-
2023-03-10;3.06
2023-03-09;3.21
2023-03-08;3.21
2023-03-07;3.17
2023-03-06;3.16
2023-03-05;-
2023-03-04;-
2023-03-03;3.21
2023-03-02;3.26
2023-03-01;3.21
2023-02-28;3.14
2023-02-27;3.07
2023-02-26;-
2023-02-25;-
2023-02-24;2.96
2023-02-23;3.02
2023-02-22;3.04
2023-02-21;2.98
2023-02-20;2.92
2023-02-19;-
2023-02-18;-
2023-02-17;3.01
2023-02-16;2.94
2023-02-15;2.88
2023-02-14;2.83
2023-02-13;2.84
2023-02-12;-
2023-02-11;-
2023-02-10;2.83
2023-02-09;2.76
2023-02-08;2.83
2023-02-07;2.77
2023-02-06;2.74
2023-02-05;-
2023-02-04;-
2023-02-03;2.61
2023-02-02;2.73
2023-02-01;2.76
2023-01-31;2.79
2023-01-30;2.78
2023-01-29;-
2023-01-28;-
2023-01-27;2.74
2023-01-26;2.65
2023-01-25;2.56
2023-01-24;2.64
2023-01-23;2.64
2023-01-22;-
2023-01-21;-
2023-01-20;2.58
2023-01-19;2.46
2023-01-18;2.55
2023-01-17;2.68
2023-01-16;2.69
2023-01-15;-
2023-01-14;-
2023-01-13;2.58
2023-01-12;2.66
2023-01-11;2.73
2023-01-10;2.79
2023-01-09;2.8
2023-01-08;-
2023-01-07;-
2023-01-06;2.85
2023-01-05;2.81
2023-01-04;2.82
2023-01-03;2.88
2023-01-02;3.03
2023-01-01;-
2022-12-31;-
2022-12-30;3.02
2022-12-29;3.02
2022-12-28;3.02
2022-12-27;3.04
2022-12-26;-
2022-12-25;-
2022-12-24;-
2022-12-23;2.93
2022-12-22;2.86
2022-12-21;2.82
2022-12-20;2.81
2022-12-19;2.71
2022-12-18;-
2022-12-17;-
2022-12-16;2.73
2022-12-15;2.4
2022-12-14;2.44
2022-12-13;2.41
2022-12-12;2.39
2022-12-11;-
2022-12-10;-
2022-12-09;2.33
2022-12-08;2.23
2022-12-07;2.24
2022-12-06;2.29
2022-12-05;2.3
2022-12-04;-
2022-12-03;-
2022-12-02;2.23
2022-12-01;2.3
2022-11-30;2.4
2022-11-29;2.38
2022-11-28;2.45
2022-11-27;-
2022-11-26;-
2022-11-25;2.36
2022-11-24;2.29
2022-11-23;2.45
2022-11-22;2.47
2022-11-21;2.49
2022-11-20;-
2022-11-19;-
2022-11-18;2.54
2022-11-17;2.45
2022-11-16;2.57
2022-11-15;2.59
2022-11-14;2.63
2022-11-13;-
2022-11-12;-
2022-11-11;2.56
2022-11-10;2.69
2022-11-09;2.76
2022-11-08;2.83
2022-11-07;2.79
2022-11-06;-
2022-11-05;-
2022-11-04;2.77
2022-11-03;2.76
2022-11-02;2.68
2022-11-01;2.58
2022-10-31;2.65
2022-10-30;-
2022-10-29;-
2022-10-28;2.62
2022-10-27;2.72
2022-10-26;2.68
2022-10-25;2.78
2022-10-24;2.96
2022-10-23;-
2022-10-22;-
2022-10-21;3.02
2022-10-20;3.0
2022-10-19;2.92
2022-10-18;2.91
2022-10-17;2.83
2022-10-16;-
2022-10-15;-
2022-10-14;2.81
2022-10-13;2.89
2022-10-12;2.92
2022-10-11;2.88
2022-10-10;2.76
2022-10-09;-
2022-10-08;-
2022-10-07;2.72
2022-10-06;2.59
2022-10-05;2.53
2022-10-04;2.4
2022-10-03;2.72
2022-10-02;-
2022-10-01;-
2022-09-30;2.71
2022-09-29;2.82
2022-09-28;2.83
2022-09-27;2.65
2022-09-26;2.62
2022-09-25;-
2022-09-24;-
2022-09-23;2.49
2022-09-22;2.36
2022-09-21;2.37
2022-09-20;2.39
2022-09-19;2.3
2022-09-18;-
2022-09-17;-
2022-09-16;2.29
2022-09-15;2.25
2022-09-14;2.24
2022-09-13;2.19
2022-09-12;2.21
2022-09-11;-
2022-09-10;-
2022-09-09;2.25
2022-09-08;2.11
2022-09-07;2.11
2022-09-06;2.1
2022-09-05;2.12
2022-09-04;-
2022-09-03;-
2022-09-02;2.11
2022-09-01;2.14
2022-08-31;2.07
2022-08-30;2.01
2022-08-29;2.05
2022-08-28;-
2022-08-27;-
2022-08-26;1.88
2022-08-25;1.86
2022-08-24;1.84
2022-08-23;1.82
2022-08-22;1.73
2022-08-21;-
2022-08-20;-
2022-08-19;1.67
2022-08-18;1.59
2022-08-17;1.56
2022-08-16;1.4
2022-08-15;1.42
2022-08-14;-
2022-08-13;-
2022-08-12;1.47
2022-08-11;1.39
2022-08-10;1.37
2022-08-09;1.4
2022-08-08;1.35
2022-08-07;-
2022-08-06;-
2022-08-05;1.28
2022-08-04;1.35
2022-08-03;1.35
2022-08-02;1.21
2022-08-01;1.35
2022-07-31;-
2022-07-30;-
2022-07-29;1.4
2022-07-28;1.5
2022-07-27;1.45
2022-07-26;1.48
2022-07-25;1.58
2022-07-24;-
2022-07-23;-
2022-07-22;1.57
2022-07-21;1.79
2022-07-20;1.71
2022-07-19;1.75
2022-07-18;1.72
2022-07-17;-
2022-07-16;-
2022-07-15;1.64
2022-07-14;1.77
2022-07-13;1.67
2022-07-12;1.66
2022-07-11;1.83
2022-07-10;-
2022-07-09;-
2022-07-08;1.8
2022-07-07;1.86
2022-07-06;1.79
2022-07-05;1.86
2022-07-04;1.88
2022-07-03;-
2022-07-02;-
2022-07-01;1.98
2022-06-30;1.99
2022-06-29;2.14
2022-06-28;1.83
2022-06-27;2.02
2022-06-26;-
2022-06-25;-
2022-06-24;1.97
2022-06-23;1.99
2022-06-22;2.25
2022-06-21;2.27
2022-06-20;2.19
2022-06-19;-
2022-06-18;-
2022-06-17;2.18
2022-06-16;2.35
2022-06-15;2.33
2022-06-14;2.25
2022-06-13;2.16
2022-06-12;-
2022-06-11;-
2022-06-10;1.96
2022-06-09;1.86
2022-06-08;1.83
2022-06-07;1.81
2022-06-06;1.81
2022-06-05;-
2022-06-04;-
2022-06-03;1.77
2022-06-02;1.72
2022-06-01;1.64
2022-05-31;1.59
2022-05-30;1.56
2022-05-29;-
2022-05-28;-
2022-05-27;1.51
2022-05-26;1.43
2022-05-25;1.48
2022-05-24;1.51
2022-05-23;1.49
2022-05-22;-
2022-05-21;-
2022-05-20;1.49
2022-05-19;1.47
2022-05-18;1.54
2022-05-17;1.5
2022-05-16;1.5
2022-05-15;-
2022-05-14;-
2022-05-13;1.4
2022-05-12;1.42
2022-05-11;1.49
2022-05-10;1.6
2022-05-09;1.66
2022-05-08;-
2022-05-07;-
2022-05-06;1.59
2022-05-05;1.5
2022-05-04;1.49
2022-05-03;1.51
2022-05-02;1.43
2022-05-01;-
2022-04-30;-
2022-04-29;1.4
2022-04-28;1.31
2022-04-27;1.3
2022-04-26;1.31
2022-04-25;1.37
2022-04-24;-
2022-04-23;-
2022-04-22;1.38
2022-04-21;1.38
2022-04-20;1.33
2022-04-19;1.39
2022-04-18;-
2022-04-17;-
2022-04-16;-
2022-04-15;-
2022-04-14;1.27
2022-04-13;1.32
2022-04-12;1.35
2022-04-11;1.25
2022-04-10;-
2022-04-09;-
2022-04-08;1.22
2022-04-07;1.15
2022-04-06;1.17
2022-04-05;1.05
2022-04-04;0.98
2022-04-03;-
2022-04-02;-
2022-04-01;1.01
2022-03-31;1.02
2022-03-30;1.06
2022-03-29;1.04
2022-03-28;1.02
2022-03-27;-
2022-03-26;-
2022-03-25;0.93
2022-03-24;0.95
2022-03-23;0.9
2022-03-22;0.93
2022-03-21;0.84
2022-03-20;-
2022-03-19;-
2022-03-18;0.79
2022-03-17;0.79
2022-03-16;0.8
2022-03-15;0.79
2022-03-14;0.78
2022-03-13;-
2022-03-12;-
2022-03-11;0.72
2022-03-10;0.59
2022-03-09;0.57
2022-03-08;0.48
2022-03-07;0.42
2022-03-06;-
2022-03-05;-
2022-03-04;0.44
2022-03-03;0.49
2022-03-02;0.39
2022-03-01;0.49
2022-02-28;0.65
2022-02-27;-
2022-02-26;-
2022-02-25;0.63
2022-02-24;0.64
2022-02-23;0.7
2022-02-22;0.68
2022-02-21;0.68
2022-02-20;-
2022-02-19;-
2022-02-18;0.66
2022-02-17;0.71
2022-02-16;0.75
2022-02-15;0.73
2022-02-14;0.67
2022-02-13;-
2022-02-12;-
2022-02-11;0.72
2022-02-10;0.67
2022-02-09;0.64
2022-02-08;0.64
2022-02-07;0.65
2022-02-06;-
2022-02-05;-
2022-02-04;0.58
2022-02-03;0.43
2022-02-02;0.4
2022-02-01;0.37
2022-01-31;0.33
2022-01-30;-
2022-01-29;-
2022-01-28;0.32
2022-01-27;0.3
2022-01-26;0.27
2022-01-25;0.27
2022-01-24;0.24
2022-01-23;-
2022-01-22;-
2022-01-21;0.27
2022-01-20;0.3
2022-01-19;0.33
2022-01-18;0.32
2022-01-17;0.3
2022-01-16;-
2022-01-15;-
2022-01-14;0.25
2022-01-13;0.28
2022-01-12;0.28
2022-01-11;0.27
2022-01-10;0.29
2022-01-09;-
2022-01-08;-
2022-01-07;0.27
2022-01-06;0.26
2022-01-05;0.22
2022-01-04;0.22
2022-01-03;0.19
2022-01-02;-
2022-01-01;-
2021-12-31;0.1
2021-12-30;0.1
2021-12-29;0.1
2021-12-28;0.1
2021-12-27;0.1
2021-12-26;-
2021-12-25;-
2021-12-24;0.1
2021-12-23;0.1
2021-12-22;0.09
2021-12-21;0.0
2021-12-20;-0.04
2021-12-19;-
2021-12-18;-
2021-12-17;-0.01
2021-12-16;-0.01
2021-12-15;-0.03
2021-12-14;-0.03
2021-12-13;-0.02
2021-12-12;-
2021-12-11;-
2021-12-10;0.0
2021-12-09;0.01
2021-12-08;-0.03
2021-12-07;-0.02
2021-12-06;-0.02
2021-12-05;-
2021-12-04;-
2021-12-03;-0.01
2021-12-02;0.01
2021-12-01;0.04
2021-11-30;0.01
2021-11-29;0.04
2021-11-28;-
2021-11-27;-
2021-11-26;0.05
2021-11-25;0.11
2021-11-24;0.12
2021-11-23;0.09
2021-11-22;0.01
2021-11-21;-
2021-11-20;-
2021-11-19;0.02
2021-11-18;0.1
2021-11-17;0.1
2021-11-16;0.12
2021-11-15;0.07
2021-11-14;-
2021-11-13;-
2021-11-12;0.12
2021-11-11;0.11
2021-11-10;0.05
2021-11-09;0.07
2021-11-08;0.07
2021-11-07;-
2021-11-06;-
2021-11-05;0.1
2021-11-04;0.16
2021-11-03;0.15
2021-11-02;0.21
2021-11-01;0.15
2021-10-31;-
2021-10-30;-
2021-10-29;0.25
2021-10-28;0.17
2021-10-27;0.18
2021-10-26;0.19
2021-10-25;0.23
2021-10-24;-
2021-10-23;-
2021-10-22;0.25
2021-10-21;0.2
2021-10-20;0.21
2021-10-19;0.18
2021-10-18;0.2
2021-10-17;-
2021-10-16;-
2021-10-15;0.15
2021-10-14;0.18
2021-10-13;0.19
2021-10-12;0.2
2021-10-11;0.18
2021-10-10;-
2021-10-09;-
2021-10-08;0.17
2021-10-07;0.14
2021-10-06;0.17
2021-10-05;0.1
2021-10-04;0.12
2021-10-03;-
2021-10-02;-
2021-10-01;0.11
2021-09-30;0.11
2021-09-29;0.11
2021-09-28;0.12
2021-09-27;0.11
2021-09-26;-
2021-09-25;-
2021-09-24;0.08
2021-09-23;0.0
2021-09-22;-0.01
2021-09-21;0.0
2021-09-20;0.0
2021-09-19;-
2021-09-18;-
2021-09-17;0.02
2021-09-16;0.0
2021-09-15;-0.04
2021-09-14;-0.01
2021-09-13;-0.03
2021-09-12;-
2021-09-11;-
2021-09-10;-0.05
2021-09-09;-0.02
2021-09-08;-0.02
2021-09-07;-0.03
2021-09-06;-0.05
2021-09-05;-
2021-09-04;-
2021-09-03;-0.07
2021-09-02;-0.07
2021-09-01;-0.05
2021-08-31;-0.11
2021-08-30;-0.1
2021-08-29;-
2021-08-28;-
2021-08-27;-0.09
2021-08-26;-0.09
2021-08-25;-0.15
2021-08-24;-0.17
2021-08-23;-0.16
2021-08-22;-
2021-08-21;-
2021-08-20;-0.18
2021-08-19;-0.18
2021-08-18;-0.17
2021-08-17;-0.19
2021-08-16;-0.16
2021-08-15;-
2021-08-14;-
2021-08-13;-0.16
2021-08-12;-0.16
2021-08-11;-0.14
2021-08-10;-0.16
2021-08-09;-0.17
2021-08-08;-
2021-08-07;-
2021-08-06;-0.2
2021-08-05;-0.19
2021-08-04;-0.18
2021-08-03;-0.16
2021-08-02;-0.14
2021-08-01;-
2021-07-31;-
2021-07-30;-0.13
2021-07-29;-0.13
2021-07-28;-0.13
2021-07-27;-0.14
2021-07-26;-0.14
2021-07-25;-
2021-07-24;-
2021-07-23;-0.11
2021-07-22;-0.09
2021-07-21;-0.09
2021-07-20;-0.11
2021-07-19;-0.08
2021-07-18;-
2021-07-17;-
2021-07-16;-0.05
2021-07-15;-0.05
2021-07-14;-0.01
2021-07-13;-0.01
2021-07-12;-0.02
2021-07-11;-
2021-07-10;-
2021-07-09;-0.02
2021-07-08;-0.05
2021-07-07;-0.01
2021-07-06;0.05
2021-07-05;0.06
2021-07-04;-
2021-07-03;-
2021-07-02;0.05
2021-07-01;0.09
2021-06-30;0.1
2021-06-29;0.1
2021-06-28;0.13
2021-06-27;-
2021-06-26;-
2021-06-25;0.11
2021-06-24;0.11
2021-06-23;0.11
2021-06-22;0.12
2021-06-21;0.09
2021-06-20;-
2021-06-19;-
2021-06-18;0.09
2021-06-17;0.11
2021-06-16;0.07
2021-06-15;0.05
2021-06-14;0.03
2021-06-13;-
2021-06-12;-
2021-06-11;0.02
2021-06-10;0.07
2021-06-09;0.06
2021-06-08;0.1
2021-06-07;0.1
2021-06-06;-
2021-06-05;-
2021-06-04;0.11
2021-06-03;0.11
2021-06-02;0.1
2021-06-01;0.1
2021-05-31;0.13
2021-05-30;-
2021-05-29;-
2021-05-28;0.12
2021-05-27;0.09
2021-05-26;0.1
2021-05-25;0.14
2021-05-24;0.18
2021-05-23;-
2021-05-22;-
2021-05-21;0.18
2021-05-20;0.22
2021-05-19;0.25
2021-05-18;0.22
2021-05-17;0.2
2021-05-16;-
2021-05-15;-
2021-05-14;0.2
2021-05-13;0.21
2021-05-12;0.14
2021-05-11;0.13
2021-05-10;0.1
2021-05-09;-
2021-05-08;-
2021-05-07;0.08
2021-05-06;0.05
2021-05-05;0.06
2021-05-04;0.08
2021-05-03;0.12
2021-05-02;-
2021-05-01;-
2021-04-30;0.08
2021-04-29;0.05
2021-04-28;0.05
2021-04-27;0.02
2021-04-26;-0.01
2021-04-25;-
2021-04-24;-
2021-04-23;-0.01
2021-04-22;-0.01
2021-04-21;0.01
2021-04-20;0.04
2021-04-19;0.0
2021-04-18;-
2021-04-17;-
2021-04-16;0.01
2021-04-15;0.0
2021-04-14;-0.02
2021-04-13;-0.01
2021-04-12;-0.05
2021-04-11;-
2021-04-10;-
2021-04-09;-0.05
2021-04-08;-0.07
2021-04-07;-0.06
2021-04-06;-0.03
2021-04-05;-
2021-04-04;-
2021-04-03;-
2021-04-02;-
2021-04-01;-0.04
2021-03-31;-0.02
2021-03-30;0.0
2021-03-29;-0.08
2021-03-28;-
2021-03-27;-
2021-03-26;-0.1
2021-03-25;-0.11
2021-03-24;-0.1
2021-03-23;-0.08
2021-03-22;-0.06
2021-03-21;-
2021-03-20;-
2021-03-19;-0.05
2021-03-18;-0.01
2021-03-17;-0.06
2021-03-16;-0.09
2021-03-15;-0.07
2021-03-14;-
2021-03-13;-
2021-03-12;-0.07
2021-03-11;-0.06
2021-03-10;-0.05
2021-03-09;-0.06
2021-03-08;-0.04
2021-03-07;-
2021-03-06;-
2021-03-05;-0.03
2021-03-04;-0.05
2021-03-03;-0.08
2021-03-02;-0.07
2021-03-01;-0.06
2021-02-28;-
2021-02-27;-
2021-02-26;0.02
2021-02-25;0.0
2021-02-24;-0.05
2021-02-23;-0.04
2021-02-22;-0.06
2021-02-21;-
2021-02-20;-
2021-02-19;-0.06
2021-02-18;-0.1
2021-02-17;-0.11
2021-02-16;-0.14
2021-02-15;-0.15
2021-02-14;-
2021-02-13;-
2021-02-12;-0.23
2021-02-11;-0.23
2021-02-10;-0.21
2021-02-09;-0.23
2021-02-08;-0.2
2021-02-07;-
2021-02-06;-
2021-02-05;-0.23
2021-02-04;-0.24
2021-02-03;-0.24
2021-02-02;-0.25
2021-02-01;-0.28
2021-01-31;-
2021-01-30;-
2021-01-29;-0.28
2021-01-28;-0.31
2021-01-27;-0.29
2021-01-26;-0.31
2021-01-25;-0.3
2021-01-24;-
2021-01-23;-
2021-01-22;-0.27
2021-01-21;-0.3
2021-01-20;-0.31
2021-01-19;-0.29
2021-01-18;-0.31
2021-01-17;-
2021-01-16;-
2021-01-15;-0.31
2021-01-14;-0.31
2021-01-13;-0.28
2021-01-12;-0.26
2021-01-11;-0.32
2021-01-10;-
2021-01-09;-
2021-01-08;-0.32
2021-01-07;-0.33
2021-01-06;-0.31
2021-01-05;-0.36
2021-01-04;-0.37
2021-01-03;-
2021-01-02;-
2021-01-01;-
2020-12-31;-0.33
2020-12-30;-0.33
2020-12-29;-0.35
2020-12-28;-0.36
2020-12-27;-
2020-12-26;-
2020-12-25;-
2020-12-24;-0.36
2020-12-23;-0.36
2020-12-22;-0.35
2020-12-21;-0.37
2020-12-20;-
2020-12-19;-
2020-12-18;-0.31
2020-12-17;-0.34
2020-12-16;-0.35
2020-12-15;-0.37
2020-12-14;-0.38
2020-12-13;-
2020-12-12;-
2020-12-11;-0.38
2020-12-10;-0.37
2020-12-09;-0.36
2020-12-08;-0.35
2020-12-07;-0.34
2020-12-06;-
2020-12-05;-
2020-12-04;-0.31
2020-12-03;-0.3
2020-12-02;-0.28
2020-12-01;-0.31
2020-11-30;-0.35
2020-11-29;-
2020-11-28;-
2020-11-27;-0.35
2020-11-26;-0.34
2020-11-25;-0.34
2020-11-24;-0.34
2020-11-23;-0.35
2020-11-22;-
2020-11-21;-
2020-11-20;-0.34
2020-11-19;-0.34
2020-11-18;-0.34
2020-11-17;-0.32
2020-11-16;-0.32
2020-11-15;-
2020-11-14;-
2020-11-13;-0.3
2020-11-12;-0.27
2020-11-11;-0.25
2020-11-10;-0.25
2020-11-09;-0.39
2020-11-08;-
2020-11-07;-
2020-11-06;-0.38
2020-11-05;-0.38
2020-11-04;-0.38
2020-11-03;-0.35
2020-11-02;-0.34
2020-11-01;-
2020-10-31;-
2020-10-30;-0.35
2020-10-29;-0.34
2020-10-28;-0.35
2020-10-27;-0.32
2020-10-26;-0.32
2020-10-25;-
2020-10-24;-
2020-10-23;-0.3
2020-10-22;-0.31
2020-10-21;-0.32
2020-10-20;-0.35
2020-10-19;-0.36
2020-10-18;-
2020-10-17;-
2020-10-16;-0.36
2020-10-15;-0.35
2020-10-14;-0.33
2020-10-13;-0.3
2020-10-12;-0.29
2020-10-11;-
2020-10-10;-
2020-10-09;-0.3
2020-10-08;-0.26
2020-10-07;-0.27
2020-10-06;-0.26
2020-10-05;-0.28
2020-10-04;-
2020-10-03;-
2020-10-02;-0.28
2020-10-01;-0.26
2020-09-30;-0.29
2020-09-29;-0.28
2020-09-28;-0.26
2020-09-27;-
2020-09-26;-
2020-09-25;-0.26
2020-09-24;-0.27
2020-09-23;-0.27
2020-09-22;-0.28
2020-09-21;-0.26
2020-09-20;-
2020-09-19;-
2020-09-18;-0.25
2020-09-17;-0.23
2020-09-16;-0.24
2020-09-15;-0.22
2020-09-14;-0.23
2020-09-13;-
2020-09-12;-
2020-09-11;-0.2
2020-09-10;-0.2
2020-09-09;-0.23
2020-09-08;-0.2
2020-09-07;-0.19
2020-09-06;-
2020-09-05;-
2020-09-04;-0.21
2020-09-03;-0.2
2020-09-02;-0.19
2020-09-01;-0.11
2020-08-31;-0.11
2020-08-30;-
2020-08-29;-
2020-08-28;-0.12
2020-08-27;-0.18
2020-08-26;-0.16
2020-08-25;-0.19
2020-08-24;-0.21
2020-08-23;-
2020-08-22;-
2020-08-21;-0.24
2020-08-20;-0.22
2020-08-19;-0.22
2020-08-18;-0.2
2020-08-17;-0.17
2020-08-16;-
2020-08-15;-
2020-08-14;-0.15
2020-08-13;-0.21
2020-08-12;-0.2
2020-08-11;-0.26
2020-08-10;-0.25
2020-08-09;-
2020-08-08;-
2020-08-07;-0.26
2020-08-06;-0.25
2020-08-05;-0.26
2020-08-04;-0.25
2020-08-03;-0.225
2020-08-02;-
2020-08-01;-
2020-07-31;-0.25
2020-07-30;-0.239
2020-07-29;-0.229
2020-07-28;-0.225
2020-07-27;-0.195
2020-07-26;-
2020-07-25;-
2020-07-24;-0.206
2020-07-23;-0.226
2020-07-22;-0.205
2020-07-21;-0.202
2020-07-20;-0.18
2020-07-19;-
2020-07-18;-
2020-07-17;-0.187
2020-07-16;-0.175
2020-07-15;-0.188
2020-07-14;-0.157
2020-07-13;-0.174
2020-07-12;-
2020-07-11;-
2020-07-10;-0.192
2020-07-09;-0.167
2020-07-08;-0.182
2020-07-07;-0.171
2020-07-06;-0.158
2020-07-05;-
2020-07-04;-
2020-07-03;-0.171
2020-07-02;-0.119
2020-07-01;-0.178
2020-06-30;-0.183
2020-06-29;-0.171
2020-06-28;-
2020-06-27;-
2020-06-26;-0.184
2020-06-25;-0.166
2020-06-24;-0.138
2020-06-23;-0.153
2020-06-22;-0.146
2020-06-21;-
2020-06-20;-
2020-06-19;-0.123
2020-06-18;-0.099
2020-06-17;-0.077
2020-06-16;-0.093
2020-06-15;-0.107
2020-06-14;-
2020-06-13;-
2020-06-12;-0.06
2020-06-11;-0.03
2020-06-10;0.014
2020-06-09;-0.016
2020-06-08;0.026
2020-06-07;-
2020-06-06;-
2020-06-05;0.017
2020-06-04;0.03
2020-06-03;-0.005
2020-06-02;-0.038
2020-06-01;-0.02
2020-05-31;-
2020-05-30;-
2020-05-29;-0.048
2020-05-28;-0.013
2020-05-27;-0.006
2020-05-26;0.011
2020-05-25;-0.023
2020-05-24;-
2020-05-23;-
2020-05-22;-0.034
2020-05-21;-0.014
2020-05-20;0.005
2020-05-19;-0.01
2020-05-18;-0.03
2020-05-17;-
2020-05-16;-
2020-05-15;-0.031
2020-05-14;-0.046
2020-05-13;-0.023
2020-05-12;0.002
2020-05-11;-0.001
2020-05-10;-
2020-05-09;-
2020-05-08;-0.042
2020-05-07;0.033
2020-05-06;-0.039
2020-05-05;-0.024
2020-05-04;-0.062
2020-05-03;-
2020-05-02;-
2020-05-01;-
2020-04-30;-0.037
2020-04-29;0.001
2020-04-28;0.039
2020-04-27;0.034
2020-04-26;-
2020-04-25;-
2020-04-24;0.083
2020-04-23;0.102
2020-04-22;0.102
2020-04-21;0.062
2020-04-20;0.04
2020-04-19;-
2020-04-18;-
2020-04-17;0.039
2020-04-16;0.065
2020-04-15;0.087
2020-04-14;0.121
2020-04-13;-
2020-04-12;-
2020-04-11;-
2020-04-10;-
2020-04-09;0.163
2020-04-08;0.154
2020-04-07;0.105
2020-04-06;0.073
2020-04-05;-
2020-04-04;-
2020-04-03;0.041
2020-04-02;0.082
2020-04-01;-0.016
2020-03-31;-0.041
2020-03-30;-0.092
2020-03-29;-
2020-03-28;-
2020-03-27;-0.045
2020-03-26;0.178
2020-03-25;0.206
2020-03-24;0.144
2020-03-23;0.095
2020-03-22;-
2020-03-21;-
2020-03-20;0.165
2020-03-19;0.141
2020-03-18;0.301
2020-03-17;0.301
2020-03-16;0.06
2020-03-15;-
2020-03-14;-
2020-03-13;-0.043
2020-03-12;-0.318
2020-03-11;-0.262
2020-03-10;-0.292
2020-03-09;-0.362
2020-03-08;-
2020-03-07;-
2020-03-06;-0.316
2020-03-05;-0.309
2020-03-04;-0.34
2020-03-03;-0.263
2020-03-02;-0.305
2020-03-01;-
2020-02-29;-
2020-02-28;-0.302
2020-02-27;-0.234
2020-02-26;-0.237
2020-02-25;-0.237
2020-02-24;-0.246
2020-02-23;-
2020-02-22;-
2020-02-21;-0.22
2020-02-20;-0.177
2020-02-19;-0.17
2020-02-18;-0.179
2020-02-17;-0.159
2020-02-16;-
2020-02-15;-
2020-02-14;-0.156
2020-02-13;-0.165
2020-02-12;-0.125
2020-02-11;-0.139
2020-02-10;-0.145
2020-02-09;-
2020-02-08;-
2020-02-07;-0.129
2020-02-06;-0.09
2020-02-05;-0.103
2020-02-04;-0.138
2020-02-03;-0.168
2020-02-02;-
2020-02-01;-
2020-01-31;-0.143
2020-01-30;-0.134
2020-01-29;-0.117
2020-01-28;-0.136
2020-01-27;-0.101
2020-01-26;-
2020-01-25;-
2020-01-24;-0.051
2020-01-23;-0.025
2020-01-22;0.017
2020-01-21;0.03
2020-01-20;0.051
2020-01-19;-
2020-01-18;-
2020-01-17;0.042
2020-01-16;0.049
2020-01-15;0.05
2020-01-14;0.082
2020-01-13;0.075
2020-01-12;-
2020-01-11;-
2020-01-10;0.061
2020-01-09;0.052
2020-01-08;0.021
2020-01-07;0.03
2020-01-06;0.023
2020-01-05;-
2020-01-04;-
2020-01-03;0.026
2020-01-02;0.129
2020-01-01;-
2019-12-31;0.094
2019-12-30;0.094
2019-12-29;-
2019-12-28;-
2019-12-27;0.047
2019-12-26;-
2019-12-25;-
2019-12-24;0.041
2019-12-23;0.041
2019-12-22;-
2019-12-21;-
2019-12-20;0.075
2019-12-19;0.081
2019-12-18;0.011
2019-12-17;0.014
2019-12-16;-0.011
2019-12-15;-
2019-12-14;-
2019-12-13;0.052
2019-12-12;-0.011
2019-12-11;-0.007
2019-12-10;0.026
2019-12-09;0.009
2019-12-08;-
2019-12-07;-
2019-12-06;0.019
2019-12-05;0.008
2019-12-04;-0.024
2019-12-03;0.021
2019-12-02;0.022
2019-12-01;-
2019-11-30;-
2019-11-29;-0.062
2019-11-28;-0.065
2019-11-27;-0.072
2019-11-26;-0.052
2019-11-25;-0.041
2019-11-24;-
2019-11-23;-
2019-11-22;-0.04
2019-11-21;-0.031
2019-11-20;-0.069
2019-11-19;-0.029
2019-11-18;-0.016
2019-11-17;-
2019-11-16;-
2019-11-15;-0.02
2019-11-14;-0.02
2019-11-13;0.005
2019-11-12;0.054
2019-11-11;0.021
2019-11-10;-
2019-11-09;-
2019-11-08;0.03
2019-11-07;-0.025
2019-11-06;-0.017
2019-11-05;-0.021
2019-11-04;-0.058
2019-11-03;-
2019-11-02;-
2019-11-01;-0.105
2019-10-31;-0.115
2019-10-30;-0.066
2019-10-29;-0.058
2019-10-28;-0.053
2019-10-27;-
2019-10-26;-
2019-10-25;-0.101
2019-10-24;-0.095
2019-10-23;-0.117
2019-10-22;-0.079
2019-10-21;-0.053
2019-10-20;-
2019-10-19;-
2019-10-18;-0.105
2019-10-17;-0.104
2019-10-16;-0.143
2019-10-15;-0.175
2019-10-14;-0.16
2019-10-13;-
2019-10-12;-
2019-10-11;-0.171
2019-10-10;-0.221
2019-10-09;-0.256
2019-10-08;-0.25
2019-10-07;-0.266
2019-10-06;-
2019-10-05;-
2019-10-04;-0.27
2019-10-03;-0.244
2019-10-02;-0.221
2019-10-01;-0.201
2019-09-30;-0.246
2019-09-29;-
2019-09-28;-
2019-09-27;-0.268
2019-09-26;-0.275
2019-09-25;-0.303
2019-09-24;-0.271
2019-09-23;-0.271
2019-09-22;-
2019-09-21;-
2019-09-20;-0.207
2019-09-19;-0.179
2019-09-18;-0.189
2019-09-17;-0.179
2019-09-16;-0.176
2019-09-15;-
2019-09-14;-
2019-09-13;-0.195
2019-09-12;-0.267
2019-09-11;-0.22
2019-09-10;-0.249
2019-09-09;-0.283
2019-09-08;-
2019-09-07;-
2019-09-06;-0.277
2019-09-05;-0.329
2019-09-04;-0.354
2019-09-03;-0.414
2019-09-02;-0.388
2019-09-01;-
2019-08-31;-
2019-08-30;-0.396
2019-08-29;-0.398
2019-08-28;-0.417
2019-08-27;-0.368
2019-08-26;-0.347
2019-08-25;-
2019-08-24;-
2019-08-23;-0.321
2019-08-22;-0.372
2019-08-21;-0.371
2019-08-20;-0.374
2019-08-19;-0.351
2019-08-18;-
2019-08-17;-
2019-08-16;-0.414
2019-08-15;-0.356
2019-08-14;-0.324
2019-08-13;-0.291
2019-08-12;-0.276
2019-08-11;-
2019-08-10;-
2019-08-09;-0.274
2019-08-08;-0.275
2019-08-07;-0.3
2019-08-06;-0.247
2019-08-05;-0.244
2019-08-04;-
2019-08-03;-
2019-08-02;-0.208
2019-08-01;-0.143
2019-07-31;-0.142
2019-07-30;-0.13
2019-07-29;-0.131
2019-07-28;-
2019-07-27;-
2019-07-26;-0.107
2019-07-25;-0.118
2019-07-24;-0.104
2019-07-23;-0.064
2019-07-22;-0.066
2019-07-21;-
2019-07-20;-
2019-07-19;-0.063
2019-07-18;-0.046
2019-07-17;-0.019
2019-07-16;-0.004
2019-07-15;0.043
2019-07-14;-
2019-07-13;-
2019-07-12;0.063
2019-07-11;-0.023
2019-07-10;0.006
2019-07-09;-0.052
2019-07-08;-0.08
2019-07-07;-
2019-07-06;-
2019-07-05;-0.11
2019-07-04;-0.102
2019-07-03;-0.089
2019-07-02;-0.041
2019-07-01;-0.001
2019-06-30;-
2019-06-29;-
2019-06-28;0.012
2019-06-27;0.038
2019-06-26;0.01
2019-06-25;0.016
2019-06-24;0.026
2019-06-23;-
2019-06-22;-
2019-06-21;0.047
2019-06-20;0.029
2019-06-19;0.047
2019-06-18;0.038
2019-06-17;0.096
2019-06-16;-
2019-06-15;-
2019-06-14;0.095
2019-06-13;0.115
2019-06-12;0.116
2019-06-11;0.118
2019-06-10;0.131
2019-06-09;-
2019-06-08;-
2019-06-07;0.109
2019-06-06;0.143
2019-06-05;0.18
2019-06-04;0.187
2019-06-03;0.188
2019-06-02;-
2019-06-01;-
2019-05-31;0.218
2019-05-30;0.247
2019-05-29;0.24
2019-05-28;0.254
2019-05-27;0.269
2019-05-26;-
2019-05-25;-
2019-05-24;0.277
2019-05-23;0.295
2019-05-22;0.314
2019-05-21;0.308
2019-05-20;0.298
2019-05-19;-
2019-05-18;-
2019-05-17;0.269
2019-05-16;0.265
2019-05-15;0.286
2019-05-14;0.318
2019-05-13;0.317
2019-05-12;-
2019-05-11;-
2019-05-10;0.322
2019-05-09;0.297
2019-05-08;0.29
2019-05-07;0.291
2019-05-06;0.313
2019-05-05;-
2019-05-04;-
2019-05-03;0.338
2019-05-02;0.324
2019-05-01;-
2019-04-30;0.329
2019-04-29;0.3
2019-04-28;-
2019-04-27;-
2019-04-26;0.288
2019-04-25;0.294
2019-04-24;0.3
2019-04-23;0.317
2019-04-22;-
2019-04-21;-
2019-04-20;-
2019-04-19;-
2019-04-18;0.299
2019-04-17;0.355
2019-04-16;0.351
2019-04-15;0.336
2019-04-14;-
2019-04-13;-
2019-04-12;0.276
2019-04-11;0.244
2019-04-10;0.262
2019-04-09;0.28
2019-04-08;0.279
2019-04-07;-
2019-04-06;-
2019-04-05;0.305
2019-04-04;0.306
2019-04-03;0.314
2019-04-02;0.295
2019-04-01;0.278
2019-03-31;-
2019-03-30;-
2019-03-29;0.244
2019-03-28;0.234
2019-03-27;0.244
2019-03-26;0.29
2019-03-25;0.295
2019-03-24;-
2019-03-23;-
2019-03-22;0.294
2019-03-21;0.345
2019-03-20;0.392
2019-03-19;0.375
2019-03-18;0.375
2019-03-17;-
2019-03-16;-
2019-03-15;0.382
2019-03-14;0.386
2019-03-13;0.394
2019-03-12;0.411
2019-03-11;0.388
2019-03-10;-
2019-03-09;-
2019-03-08;0.385
2019-03-07;0.493
2019-03-06;0.526
2019-03-05;0.555
2019-03-04;0.559
2019-03-03;-
2019-03-02;-
2019-03-01;0.554
2019-02-28;0.547
2019-02-27;0.509
2019-02-26;0.504
2019-02-25;0.518
2019-02-24;-
2019-02-23;-
2019-02-22;0.514
2019-02-21;0.514
2019-02-20;0.506
2019-02-19;0.511
2019-02-18;0.516
2019-02-17;-
2019-02-16;-
2019-02-15;0.524
2019-02-14;0.53
2019-02-13;0.54
2019-02-12;0.546
2019-02-11;0.542
2019-02-10;-
2019-02-09;-
2019-02-08;0.529
2019-02-07;0.563
2019-02-06;0.558
2019-02-05;0.582
2019-02-04;0.558
2019-02-03;-
2019-02-02;-
2019-02-01;0.554
2019-01-31;0.556
2019-01-30;0.593
2019-01-29;0.598
2019-01-28;0.585
2019-01-27;-
2019-01-26;-
2019-01-25;0.569
2019-01-24;0.599
2019-01-23;0.631
2019-01-22;0.639
2019-01-21;0.632
2019-01-20;-
2019-01-19;-
2019-01-18;0.647
2019-01-17;0.615
2019-01-16;0.62
2019-01-15;0.609
2019-01-14;0.627
2019-01-13;-
2019-01-12;-
2019-01-11;0.654
2019-01-10;0.675
2019-01-09;0.735
2019-01-08;0.729
2019-01-07;0.686
2019-01-06;-
2019-01-05;-
2019-01-04;0.663
2019-01-03;0.649
2019-01-02;0.644
2019-01-01;-
2018-12-31;0.686
2018-12-30;-
2018-12-29;-
2018-12-28;0.687
2018-12-27;0.68
2018-12-26;-
2018-12-25;-
2018-12-24;0.682
2018-12-23;-
2018-12-22;-
2018-12-21;0.683
2018-12-20;0.673
2018-12-19;0.701
2018-12-18;0.698
2018-12-17;0.707
2018-12-16;-
2018-12-15;-
2018-12-14;0.693
2018-12-13;0.704
2018-12-12;0.693
2018-12-11;0.736
2018-12-10;0.688
2018-12-09;-
2018-12-08;-
2018-12-07;0.669
2018-12-06;0.656
2018-12-05;0.661
2018-12-04;0.681
2018-12-03;0.697
2018-12-02;-
2018-12-01;-
2018-11-30;0.685
2018-11-29;0.707
2018-11-28;0.714
2018-11-27;0.729
2018-11-26;0.734
2018-11-25;-
2018-11-24;-
2018-11-23;0.728
2018-11-22;0.748
2018-11-21;0.767
2018-11-20;0.767
2018-11-19;0.776
2018-11-18;-
2018-11-17;-
2018-11-16;0.756
2018-11-15;0.744
2018-11-14;0.768
2018-11-13;0.77
2018-11-12;0.765
2018-11-11;-
2018-11-10;-
2018-11-09;0.799
2018-11-08;0.818
2018-11-07;0.785
2018-11-06;0.781
2018-11-05;0.79
2018-11-04;-
2018-11-03;-
2018-11-02;0.77
2018-11-01;0.768
2018-10-31;0.746
2018-10-30;0.754
2018-10-29;0.741
2018-10-28;-
2018-10-27;-
2018-10-26;0.747
2018-10-25;0.758
2018-10-24;0.763
2018-10-23;0.789
2018-10-22;0.822
2018-10-21;-
2018-10-20;-
2018-10-19;0.807
2018-10-18;0.823
2018-10-17;0.809
2018-10-16;0.852
2018-10-15;0.84
2018-10-14;-
2018-10-13;-
2018-10-12;0.868
2018-10-11;0.851
2018-10-10;0.881
2018-10-09;0.894
2018-10-08;0.862
2018-10-07;-
2018-10-06;-
2018-10-05;0.869
2018-10-04;0.851
2018-10-03;0.777
2018-10-02;0.766
2018-10-01;0.82
2018-09-30;-
2018-09-29;-
2018-09-28;0.806
2018-09-27;0.813
2018-09-26;0.824
2018-09-25;0.816
2018-09-24;0.772
2018-09-23;-
2018-09-22;-
2018-09-21;0.762
2018-09-20;0.772
2018-09-19;0.777
2018-09-18;0.737
2018-09-17;0.74
2018-09-16;-
2018-09-15;-
2018-09-14;0.719
2018-09-13;0.703
2018-09-12;0.696
2018-09-11;0.717
2018-09-10;0.708
2018-09-09;-
2018-09-08;-
2018-09-07;0.689
2018-09-06;0.704
2018-09-05;0.69
2018-09-04;0.68
2018-09-03;0.667
2018-09-02;-
2018-09-01;-
2018-08-31;0.683
2018-08-30;0.707
2018-08-29;0.7
2018-08-28;0.683
2018-08-27;0.682
2018-08-26;-
2018-08-25;-
2018-08-24;0.655
2018-08-23;0.661
2018-08-22;0.651
2018-08-21;0.633
2018-08-20;0.636
2018-08-19;-
2018-08-18;-
2018-08-17;0.638
2018-08-16;0.647
2018-08-15;0.656
2018-08-14;0.655
2018-08-13;0.654
2018-08-12;-
2018-08-11;-
2018-08-10;0.653
2018-08-09;0.698
2018-08-08;0.697
2018-08-07;0.695
2018-08-06;0.703
2018-08-05;-
2018-08-04;-
2018-08-03;0.73
2018-08-02;0.75
2018-08-01;0.737
2018-07-31;0.698
2018-07-30;0.699
2018-07-29;-
2018-07-28;-
2018-07-27;0.673
2018-07-26;0.676
2018-07-25;0.652
2018-07-24;0.682
2018-07-23;0.666
2018-07-22;-
2018-07-21;-
2018-07-20;0.593
2018-07-19;0.596
2018-07-18;0.586
2018-07-17;0.609
2018-07-16;0.596
2018-07-15;-
2018-07-14;-
2018-07-13;0.584
2018-07-12;0.613
2018-07-11;0.604
2018-07-10;0.617
2018-07-09;0.614
2018-07-08;-
2018-07-07;-
2018-07-06;0.606
2018-07-05;0.638
2018-07-04;0.599
2018-07-03;0.628
2018-07-02;0.628
2018-07-01;-
2018-06-30;-
2018-06-29;0.653
2018-06-28;0.654
2018-06-27;0.659
2018-06-26;0.675
2018-06-25;0.649
2018-06-24;-
2018-06-23;-
2018-06-22;0.653
2018-06-21;0.653
2018-06-20;0.652
2018-06-19;0.639
2018-06-18;0.676
2018-06-17;-
2018-06-16;-
2018-06-15;0.68
2018-06-14;0.809
2018-06-13;0.793
2018-06-12;0.832
2018-06-11;0.82
2018-06-10;-
2018-06-09;-
2018-06-08;0.793
2018-06-07;0.843
2018-06-06;0.76
2018-06-05;0.716
2018-06-04;0.711
2018-06-03;-
2018-06-02;-
2018-06-01;0.683
2018-05-31;0.715
2018-05-30;0.68
2018-05-29;0.651
2018-05-28;0.712
2018-05-27;-
2018-05-26;-
2018-05-25;0.739
2018-05-24;0.802
2018-05-23;0.796
2018-05-22;0.825
2018-05-21;0.829
2018-05-20;-
2018-05-19;-
2018-05-18;0.858
2018-05-17;0.862
2018-05-16;0.841
2018-05-15;0.841
2018-05-14;0.805
2018-05-13;-
2018-05-12;-
2018-05-11;0.774
2018-05-10;0.791
2018-05-09;0.807
2018-05-08;0.767
2018-05-07;0.759
2018-05-06;-
2018-05-05;-
2018-05-04;0.757
2018-05-03;0.795
2018-05-02;0.79
2018-05-01;-
2018-04-30;0.784
2018-04-29;-
2018-04-28;-
2018-04-27;0.778
2018-04-26;0.827
2018-04-25;0.847
2018-04-24;0.816
2018-04-23;0.827
2018-04-22;-
2018-04-21;-
2018-04-20;0.792
2018-04-19;0.765
2018-04-18;0.693
2018-04-17;0.729
2018-04-16;0.75
2018-04-15;-
2018-04-14;-
2018-04-13;0.729
2018-04-12;0.713
2018-04-11;0.718
2018-04-10;0.708
2018-04-09;0.708
2018-04-08;-
2018-04-07;-
2018-04-06;0.722
2018-04-05;0.717
2018-04-04;0.693
2018-04-03;0.706
2018-04-02;-
2018-04-01;-
2018-03-31;-
2018-03-30;-
2018-03-29;0.705
2018-03-28;0.689
2018-03-27;0.715
2018-03-26;0.731
2018-03-25;-
2018-03-24;-
2018-03-23;0.724
2018-03-22;0.754
2018-03-21;0.8
2018-03-20;0.79
2018-03-19;0.784
2018-03-18;-
2018-03-17;-
2018-03-16;0.774
2018-03-15;0.805
2018-03-14;0.822
2018-03-13;0.831
2018-03-12;0.841
2018-03-11;-
2018-03-10;-
2018-03-09;0.845
2018-03-08;0.87
2018-03-07;0.875
2018-03-06;0.856
2018-03-05;0.854
2018-03-04;-
2018-03-03;-
2018-03-02;0.845
2018-03-01;0.849
2018-02-28;0.887
2018-02-27;0.898
2018-02-26;0.887
2018-02-25;-
2018-02-24;-
2018-02-23;0.909
2018-02-22;0.927
2018-02-21;0.917
2018-02-20;0.952
2018-02-19;0.936
2018-02-18;-
2018-02-17;-
2018-02-16;0.94
2018-02-15;0.969
2018-02-14;0.919
2018-02-13;0.925
2018-02-12;0.958
2018-02-11;-
2018-02-10;-
2018-02-09;0.922
2018-02-08;0.927
2018-02-07;0.879
2018-02-06;0.893
2018-02-05;0.933
2018-02-04;-
2018-02-03;-
2018-02-02;0.934
2018-02-01;0.928
2018-01-31;0.882
2018-01-30;0.894
2018-01-29;0.879
2018-01-28;-
2018-01-27;-
2018-01-26;0.801
2018-01-25;0.785
2018-01-24;0.786
2018-01-23;0.753
2018-01-22;0.787
2018-01-21;-
2018-01-20;-
2018-01-19;0.779
2018-01-18;0.794
2018-01-17;0.748
2018-01-16;0.755
2018-01-15;0.771
2018-01-14;-
2018-01-13;-
2018-01-12;0.772
2018-01-11;0.711
2018-01-10;0.724
2018-01-09;0.702
2018-01-08;0.7
2018-01-07;-
2018-01-06;-
2018-01-05;0.702
2018-01-04;0.721
2018-01-03;0.72
2018-01-02;0.718
2018-01-01;-
2017-12-31;-
2017-12-30;-
2017-12-29;0.68
2017-12-28;0.665
2017-12-27;0.646
2017-12-26;-
2017-12-25;-
2017-12-24;-
2017-12-23;-
2017-12-22;0.646
2017-12-21;0.658
2017-12-20;0.597
2017-12-19;0.534
2017-12-18;0.525
2017-12-17;-
2017-12-16;-
2017-12-15;0.524
2017-12-14;0.566
2017-12-13;0.563
2017-12-12;0.531
2017-12-11;0.516
2017-12-10;-
2017-12-09;-
2017-12-08;0.527
2017-12-07;0.515
2017-12-06;0.512
2017-12-05;0.527
2017-12-04;0.536
2017-12-03;-
2017-12-02;-
2017-12-01;0.546
2017-11-30;0.594
2017-11-29;0.58
2017-11-28;0.55
2017-11-27;0.578
2017-11-26;-
2017-11-25;-
2017-11-24;0.593
2017-11-23;0.562
2017-11-22;0.574
2017-11-21;0.545
2017-11-20;0.583
2017-11-19;-
2017-11-18;-
2017-11-17;0.608
2017-11-16;0.626
2017-11-15;0.604
2017-11-14;0.65
2017-11-13;0.628
2017-11-12;-
2017-11-11;-
2017-11-10;0.639
2017-11-09;0.575
2017-11-08;0.563
2017-11-07;0.605
2017-11-06;0.602
2017-11-05;-
2017-11-04;-
2017-11-03;0.622
2017-11-02;0.638
2017-11-01;0.625
2017-10-31;0.635
2017-10-30;0.653
2017-10-29;-
2017-10-28;-
2017-10-27;0.682
2017-10-26;0.742
2017-10-25;0.756
2017-10-24;0.738
2017-10-23;0.713
2017-10-22;-
2017-10-21;-
2017-10-20;0.716
2017-10-19;0.677
2017-10-18;0.658
2017-10-17;0.652
2017-10-16;0.685
2017-10-15;-
2017-10-14;-
2017-10-13;0.711
2017-10-12;0.737
2017-10-11;0.747
2017-10-10;0.734
2017-10-09;0.747
2017-10-08;-
2017-10-07;-
2017-10-06;0.784
2017-10-05;0.765
2017-10-04;0.766
2017-10-03;0.789
2017-10-02;0.773
2017-10-01;-
2017-09-30;-
2017-09-29;0.764
2017-09-28;0.81
2017-09-27;0.779
2017-09-26;0.717
2017-09-25;0.72
2017-09-24;-
2017-09-23;-
2017-09-22;0.764
2017-09-21;0.778
2017-09-20;0.73
2017-09-19;0.737
2017-09-18;0.718
2017-09-17;-
2017-09-16;-
2017-09-15;0.713
2017-09-14;0.71
2017-09-13;0.704
2017-09-12;0.667
2017-09-11;0.643
2017-09-10;-
2017-09-09;-
2017-09-08;0.64
2017-09-07;0.691
2017-09-06;0.668
2017-09-05;0.708
2017-09-04;0.69
2017-09-03;-
2017-09-02;-
2017-09-01;0.674
2017-08-31;0.694
2017-08-30;0.679
2017-08-29;0.661
2017-08-28;0.715
2017-08-27;-
2017-08-26;-
2017-08-25;0.732
2017-08-24;0.703
2017-08-23;0.737
2017-08-22;0.72
2017-08-21;0.705
2017-08-20;-
2017-08-19;-
2017-08-18;0.704
2017-08-17;0.737
2017-08-16;0.755
2017-08-15;0.724
2017-08-14;0.73
2017-08-13;-
2017-08-12;-
2017-08-11;0.692
2017-08-10;0.735
2017-08-09;0.736
2017-08-08;0.75
2017-08-07;0.766
2017-08-06;-
2017-08-05;-
2017-08-04;0.743
2017-08-03;0.769
2017-08-02;0.765
2017-08-01;0.805
2017-07-31;0.818
2017-07-30;-
2017-07-29;-
2017-07-28;0.847
2017-07-27;0.781
2017-07-26;0.813
2017-07-25;0.759
2017-07-24;0.748
2017-07-23;-
2017-07-22;-
2017-07-21;0.761
2017-07-20;0.826
2017-07-19;0.813
2017-07-18;0.835
2017-07-17;0.856
2017-07-16;-
2017-07-15;-
2017-07-14;0.853
2017-07-13;0.854
2017-07-12;0.9
2017-07-11;0.94
2017-07-10;0.938
2017-07-09;-
2017-07-08;-
2017-07-07;0.928
2017-07-06;0.845
2017-07-05;0.837
2017-07-04;0.824
2017-07-03;0.818
2017-07-02;-
2017-07-01;-
2017-06-30;0.798
2017-06-29;0.749
2017-06-28;0.738
2017-06-27;0.646
2017-06-26;0.605
2017-06-25;-
2017-06-24;-
2017-06-23;0.61
2017-06-22;0.595
2017-06-21;0.595
2017-06-20;0.616
2017-06-19;0.627
2017-06-18;-
2017-06-17;-
2017-06-16;0.65
2017-06-15;0.607
2017-06-14;0.606
2017-06-13;0.62
2017-06-12;0.609
2017-06-11;-
2017-06-10;-
2017-06-09;0.628
2017-06-08;0.7
2017-06-07;0.676
2017-06-06;0.697
2017-06-05;0.722
2017-06-04;-
2017-06-03;-
2017-06-02;0.719
2017-06-01;0.743
2017-05-31;0.723
2017-05-30;0.749
2017-05-29;0.765
2017-05-28;-
2017-05-27;-
2017-05-26;0.777
2017-05-25;0.802
2017-05-24;0.821
2017-05-23;0.841
2017-05-22;0.815
2017-05-21;-
2017-05-20;-
2017-05-19;0.795
2017-05-18;0.805
2017-05-17;0.863
2017-05-16;0.884
2017-05-15;0.858
2017-05-14;-
2017-05-13;-
2017-05-12;0.851
2017-05-11;0.87
2017-05-10;0.831
2017-05-09;0.867
2017-05-08;0.827
2017-05-07;-
2017-05-06;-
2017-05-05;0.803
2017-05-04;0.813
2017-05-03;0.802
2017-05-02;0.833
2017-05-01;-
2017-04-30;-
2017-04-29;-
2017-04-28;0.841
2017-04-27;0.874
2017-04-26;0.867
2017-04-25;0.83
2017-04-24;0.818
2017-04-23;-
2017-04-22;-
2017-04-21;0.868
2017-04-20;0.944
2017-04-19;0.936
2017-04-18;0.935
2017-04-17;-
2017-04-16;-
2017-04-15;-
2017-04-14;-
2017-04-13;0.936
2017-04-12;1.004
2017-04-11;0.998
2017-04-10;0.948
2017-04-09;-
2017-04-08;-
2017-04-07;0.936
2017-04-06;0.961
2017-04-05;0.956
2017-04-04;0.974
2017-04-03;1.007
2017-04-02;-
2017-04-01;-
2017-03-31;0.997
2017-03-30;0.966
2017-03-29;0.985
2017-03-28;0.991
2017-03-27;1.009
2017-03-26;-
2017-03-25;-
2017-03-24;1.063
2017-03-23;1.05
2017-03-22;1.083
2017-03-21;1.155
2017-03-20;1.155
2017-03-19;-
2017-03-18;-
2017-03-17;1.167
2017-03-16;1.069
2017-03-15;1.117
2017-03-14;1.131
2017-03-13;1.102
2017-03-12;-
2017-03-11;-
2017-03-10;1.119
2017-03-09;1.055
2017-03-08;1.033
2017-03-07;1.007
2017-03-06;0.994
2017-03-05;-
2017-03-04;-
2017-03-03;0.947
2017-03-02;0.954
2017-03-01;0.96
2017-02-28;0.911
2017-02-27;0.922
2017-02-26;-
2017-02-25;-
2017-02-24;1.004
2017-02-23;1.029
2017-02-22;-
2017-02-21;1.132
2017-02-20;1.075
2017-02-19;-
2017-02-18;-
2017-02-17;1.074
2017-02-16;1.088
2017-02-15;1.069
2017-02-14;1.048
2017-02-13;1.097
2017-02-12;-
2017-02-11;-
2017-02-10;1.045
2017-02-09;1.001
2017-02-08;1.121
2017-02-07;1.136
2017-02-06;1.129
2017-02-05;-
2017-02-04;-
2017-02-03;1.089
2017-02-02;1.106
2017-02-01;1.102
2017-01-31;1.084
2017-01-30;1.105
2017-01-29;-
2017-01-28;-
2017-01-27;1.027
2017-01-26;1.036
2017-01-25;0.943
2017-01-24;0.882
2017-01-23;0.924
2017-01-22;-
2017-01-21;-
2017-01-20;0.909
2017-01-19;0.86
2017-01-18;0.814
2017-01-17;0.764
2017-01-16;0.814
2017-01-15;-
2017-01-14;-
2017-01-13;0.797
2017-01-12;0.774
2017-01-11;0.819
2017-01-10;0.818
2017-01-09;0.826
2017-01-08;-
2017-01-07;-
2017-01-06;0.804
2017-01-05;0.824
2017-01-04;0.789
2017-01-03;0.742
2017-01-02;0.66
2017-01-01;-
2016-12-31;-
2016-12-30;0.683
2016-12-29;0.648
2016-12-28;0.707
2016-12-27;0.707
2016-12-26;-
2016-12-25;-
2016-12-24;-
2016-12-23;0.712
2016-12-22;0.712
2016-12-21;0.688
2016-12-20;0.727
2016-12-19;0.779
2016-12-18;-
2016-12-17;-
2016-12-16;0.748
2016-12-15;0.801
2016-12-14;0.766
2016-12-13;0.813
2016-12-12;0.87
2016-12-11;-
2016-12-10;-
2016-12-09;0.831
2016-12-08;0.779
2016-12-07;0.767
2016-12-06;0.747
2016-12-05;0.774
2016-12-04;-
2016-12-03;-
2016-12-02;0.774
2016-12-01;0.798
2016-11-30;0.674
2016-11-29;0.733
2016-11-28;0.755
2016-11-27;-
2016-11-26;-
2016-11-25;0.776
2016-11-24;0.739
2016-11-23;0.734
2016-11-22;0.711
2016-11-21;0.781
2016-11-20;-
2016-11-19;-
2016-11-18;0.78
2016-11-17;0.707
2016-11-16;0.759
2016-11-15;0.715
2016-11-14;0.832
2016-11-13;-
2016-11-12;-
2016-11-11;0.742
2016-11-10;0.569
2016-11-09;0.514
2016-11-08;0.45
2016-11-07;0.458
2016-11-06;-
2016-11-05;-
2016-11-04;0.452
2016-11-03;0.459
2016-11-02;0.431
2016-11-01;0.488
2016-10-31;0.464
2016-10-30;-
2016-10-29;-
2016-10-28;0.451
2016-10-27;0.399
2016-10-26;0.31
2016-10-25;0.281
2016-10-24;0.251
2016-10-23;-
2016-10-22;-
2016-10-21;0.258
2016-10-20;0.3
2016-10-19;0.297
2016-10-18;0.334
2016-10-17;0.359
2016-10-16;-
2016-10-15;-
2016-10-14;0.329
2016-10-13;0.325
2016-10-12;0.316
2016-10-11;0.326
2016-10-10;0.313
2016-10-09;-
2016-10-08;-
2016-10-07;0.314
2016-10-06;0.268
2016-10-05;0.257
2016-10-04;0.195
2016-10-03;0.179
2016-10-02;-
2016-10-01;-
2016-09-30;0.127
2016-09-29;0.138
2016-09-28;0.116
2016-09-27;0.121
2016-09-26;0.156
2016-09-25;-
2016-09-24;-
2016-09-23;0.161
2016-09-22;0.19
2016-09-21;0.229
2016-09-20;0.256
2016-09-19;0.263
2016-09-18;-
2016-09-17;-
2016-09-16;0.243
2016-09-15;0.29
2016-09-14;0.292
2016-09-13;0.254
2016-09-12;0.285
2016-09-11;-
2016-09-10;-
2016-09-09;0.198
2016-09-08;0.116
2016-09-07;0.125
2016-09-06;0.18
2016-09-05;0.196
2016-09-04;-
2016-09-03;-
2016-09-02;0.194
2016-09-01;0.209
2016-08-31;0.166
2016-08-30;0.175
2016-08-29;0.199
2016-08-28;-
2016-08-27;-
2016-08-26;0.172
2016-08-25;0.162
2016-08-24;0.155
2016-08-23;0.161
2016-08-22;0.18
2016-08-21;-
2016-08-20;-
2016-08-19;0.147
2016-08-18;0.168
2016-08-17;0.195
2016-08-16;0.142
2016-08-15;0.119
2016-08-14;-
2016-08-13;-
2016-08-12;0.134
2016-08-11;0.118
2016-08-10;0.127
2016-08-09;0.167
2016-08-08;0.17
2016-08-07;-
2016-08-06;-
2016-08-05;0.144
2016-08-04;0.184
2016-08-03;0.193
2016-08-02;0.164
2016-08-01;0.121
2016-07-31;-
2016-07-30;-
2016-07-29;0.16
2016-07-28;0.147
2016-07-27;0.181
2016-07-26;0.181
2016-07-25;0.233
2016-07-24;-
2016-07-23;-
2016-07-22;0.237
2016-07-21;0.247
2016-07-20;0.204
2016-07-19;0.208
2016-07-18;0.221
2016-07-17;-
2016-07-16;-
2016-07-15;0.198
2016-07-14;0.16
2016-07-13;0.173
2016-07-12;0.172
2016-07-11;0.105
2016-07-10;-
2016-07-09;-
2016-07-08;0.133
2016-07-07;0.172
2016-07-06;0.125
2016-07-05;0.163
2016-07-04;0.188
2016-07-03;-
2016-07-02;-
2016-07-01;0.171
2016-06-30;0.254
2016-06-29;0.229
2016-06-28;0.273
2016-06-27;0.332
2016-06-26;-
2016-06-25;-
2016-06-24;0.34
2016-06-23;0.423
2016-06-22;0.413
2016-06-21;0.439
2016-06-20;0.44
2016-06-19;-
2016-06-18;-
2016-06-17;0.405
2016-06-16;0.415
2016-06-15;0.421
2016-06-14;0.401
2016-06-13;0.407
2016-06-12;-
2016-06-11;-
2016-06-10;0.394
2016-06-09;0.396
2016-06-08;0.408
2016-06-07;0.449
2016-06-06;0.436
2016-06-05;-
2016-06-04;-
2016-06-03;0.464
2016-06-02;0.499
2016-06-01;0.477
2016-05-31;0.513
2016-05-30;0.503
2016-05-29;-
2016-05-28;-
2016-05-27;0.457
2016-05-26;0.482
2016-05-25;0.505
2016-05-24;0.493
2016-05-23;0.488
2016-05-22;-
2016-05-21;-
2016-05-20;0.508
2016-05-19;0.529
2016-05-18;0.476
2016-05-17;0.497
2016-05-16;0.457
2016-05-15;-
2016-05-14;-
2016-05-13;0.466
2016-05-12;0.462
2016-05-11;0.445
2016-05-10;0.469
2016-05-09;0.497
2016-05-08;-
2016-05-07;-
2016-05-06;0.504
2016-05-05;0.547
2016-05-04;0.532
2016-05-03;0.559
2016-05-02;0.569
2016-05-01;-
2016-04-30;-
2016-04-29;0.558
2016-04-28;0.535
2016-04-27;0.575
2016-04-26;0.552
2016-04-25;0.494
2016-04-24;-
2016-04-23;-
2016-04-22;0.494
2016-04-21;0.491
2016-04-20;0.433
2016-04-19;0.456
2016-04-18;0.418
2016-04-17;-
2016-04-16;-
2016-04-15;0.425
2016-04-14;0.424
2016-04-13;0.433
2016-04-12;0.435
2016-04-11;0.36
2016-04-10;-
2016-04-09;-
2016-04-08;0.387
2016-04-07;0.387
2016-04-06;0.392
2016-04-05;0.367
2016-04-04;0.4
2016-04-03;-
2016-04-02;-
2016-04-01;0.432
2016-03-31;0.414
2016-03-30;0.412
2016-03-29;0.434
2016-03-28;-
2016-03-27;-
2016-03-26;-
2016-03-25;-
2016-03-24;0.462
2016-03-23;0.505
2016-03-22;0.484
2016-03-21;0.463
2016-03-20;-
2016-03-19;-
2016-03-18;0.486
2016-03-17;0.521
2016-03-16;0.577
2016-03-15;0.566
2016-03-14;0.526
2016-03-13;-
2016-03-12;-
2016-03-11;0.57
2016-03-10;0.536
2016-03-09;0.533
2016-03-08;0.514
2016-03-07;0.559
2016-03-06;-
2016-03-05;-
2016-03-04;0.565
2016-03-03;0.57
2016-03-02;0.579
2016-03-01;0.502
2016-02-29;0.489
2016-02-28;-
2016-02-27;-
2016-02-26;0.541
2016-02-25;0.529
2016-02-24;0.527
2016-02-23;0.55
2016-02-22;0.574
2016-02-21;-
2016-02-20;-
2016-02-19;0.575
2016-02-18;0.627
2016-02-17;0.652
2016-02-16;0.648
2016-02-15;0.656
2016-02-14;-
2016-02-13;-
2016-02-12;0.634
2016-02-11;0.578
2016-02-10;0.628
2016-02-09;0.623
2016-02-08;0.608
2016-02-07;-
2016-02-06;-
2016-02-05;0.632
2016-02-04;0.67
2016-02-03;0.648
2016-02-02;0.651
2016-02-01;0.644
2016-01-31;-
2016-01-30;-
2016-01-29;0.688
2016-01-28;0.749
2016-01-27;0.738
2016-01-26;0.766
2016-01-25;0.798
2016-01-24;-
2016-01-23;-
2016-01-22;0.793
2016-01-21;0.825
2016-01-20;0.837
2016-01-19;0.879
2016-01-18;0.883
2016-01-17;-
2016-01-16;-
2016-01-15;0.876
2016-01-14;0.878
2016-01-13;0.924
2016-01-12;0.967
2016-01-11;0.913
2016-01-10;-
2016-01-09;-
2016-01-08;0.923
2016-01-07;0.876
2016-01-06;0.884
2016-01-05;0.926
2016-01-04;0.954
2016-01-03;-
2016-01-02;-
2016-01-01;-
2015-12-31;1.012
2015-12-30;1.012
2015-12-29;0.948
2015-12-28;0.962
2015-12-27;-
2015-12-26;-
2015-12-25;-
2015-12-24;0.956
2015-12-23;0.956
2015-12-22;0.903
2015-12-21;0.903
2015-12-20;-
2015-12-19;-
2015-12-18;0.906
2015-12-17;0.933
2015-12-16;0.969
2015-12-15;0.982
2015-12-14;0.894
2015-12-13;-
2015-12-12;-
2015-12-11;0.888
2015-12-10;0.904
2015-12-09;0.886
2015-12-08;0.92
2015-12-07;0.944
2015-12-06;-
2015-12-05;-
2015-12-04;0.976
2015-12-03;0.789
2015-12-02;0.783
2015-12-01;0.81
2015-11-30;0.793
2015-11-29;-
2015-11-28;-
2015-11-27;0.784
2015-11-26;0.805
2015-11-25;0.823
2015-11-24;0.828
2015-11-23;0.864
2015-11-22;-
2015-11-21;-
2015-11-20;0.82
2015-11-19;0.805
2015-11-18;0.813
2015-11-17;0.833
2015-11-16;0.85
2015-11-15;-
2015-11-14;-
2015-11-13;0.864
2015-11-12;0.882
2015-11-11;0.904
2015-11-10;0.909
2015-11-09;0.978
2015-11-08;-
2015-11-07;-
2015-11-06;0.877
2015-11-05;0.882
2015-11-04;0.849
2015-11-03;0.839
2015-11-02;0.844
2015-11-01;-
2015-10-31;-
2015-10-30;0.771
2015-10-29;0.708
2015-10-28;0.695
2015-10-27;0.745
2015-10-26;0.751
2015-10-25;-
2015-10-24;-
2015-10-23;0.738
2015-10-22;0.829
2015-10-21;0.845
2015-10-20;0.828
2015-10-19;0.811
2015-10-18;-
2015-10-17;-
2015-10-16;0.793
2015-10-15;0.786
2015-10-14;0.805
2015-10-13;0.817
2015-10-12;0.865
2015-10-11;-
2015-10-10;-
2015-10-09;0.849
2015-10-08;0.827
2015-10-07;0.877
2015-10-06;0.835
2015-10-05;0.798
2015-10-04;-
2015-10-03;-
2015-10-02;0.85
2015-10-01;0.873
2015-09-30;0.891
2015-09-29;0.91
2015-09-28;0.927
2015-09-27;-
2015-09-26;-
2015-09-25;0.928
2015-09-24;0.899
2015-09-23;0.892
2015-09-22;0.93
2015-09-21;0.947
2015-09-20;-
2015-09-19;-
2015-09-18;0.965
2015-09-17;1.079
2015-09-16;1.041
2015-09-15;0.973
2015-09-14;0.954
2015-09-13;-
2015-09-12;-
2015-09-11;0.991
2015-09-10;0.994
2015-09-09;1.005
2015-09-08;1.02
2015-09-07;1.009
2015-09-06;-
2015-09-05;-
2015-09-04;1.023
2015-09-03;1.122
2015-09-02;1.121
2015-09-01;1.134
2015-08-31;1.067
2015-08-30;-
2015-08-29;-
2015-08-28;1.062
2015-08-27;1.071
2015-08-26;1.061
2015-08-25;1.004
2015-08-24;0.928
2015-08-23;-
2015-08-22;-
2015-08-21;0.93
2015-08-20;0.928
2015-08-19;0.942
2015-08-18;0.928
2015-08-17;0.924
2015-08-16;-
2015-08-15;-
2015-08-14;0.926
2015-08-13;0.92
2015-08-12;0.903
2015-08-11;0.952
2015-08-10;0.959
2015-08-09;-
2015-08-08;-
2015-08-07;1.007
2015-08-06;1.008
2015-08-05;0.968
2015-08-04;0.9
2015-08-03;0.938
2015-08-02;-
2015-08-01;-
2015-07-31;0.927
2015-07-30;0.972
2015-07-29;0.957
2015-07-28;0.989
2015-07-27;0.952
2015-07-26;-
2015-07-25;-
2015-07-24;0.977
2015-07-23;1.014
2015-07-22;1.058
2015-07-21;1.008
2015-07-20;1.049
2015-07-19;-
2015-07-18;-
2015-07-17;1.083
2015-07-16;1.124
2015-07-15;1.17
2015-07-14;1.218
2015-07-13;1.281
2015-07-12;-
2015-07-11;-
2015-07-10;1.186
2015-07-09;1.111
2015-07-08;1.094
2015-07-07;1.189
2015-07-06;1.208
2015-07-05;-
2015-07-04;-
2015-07-03;1.281
2015-07-02;1.294
2015-07-01;1.202
2015-06-30;1.207
2015-06-29;1.217
2015-06-28;-
2015-06-27;-
2015-06-26;1.218
2015-06-25;1.222
2015-06-24;1.212
2015-06-23;1.227
2015-06-22;1.202
2015-06-21;-
2015-06-20;-
2015-06-19;1.148
2015-06-18;1.147
2015-06-17;1.218
2015-06-16;1.26
2015-06-15;1.233
2015-06-14;-
2015-06-13;-
2015-06-12;1.247
2015-06-11;1.342
2015-06-10;1.329
2015-06-09;1.205
2015-06-08;1.175
2015-06-07;-
2015-06-06;-
2015-06-05;1.18
2015-06-04;1.241
2015-06-03;0.994
2015-06-02;0.926
2015-06-01;0.808
2015-05-31;-
2015-05-30;-
2015-05-29;0.816
2015-05-28;0.837
2015-05-27;0.842
2015-05-26;0.859
2015-05-25;0.877
2015-05-24;-
2015-05-23;-
2015-05-22;0.877
2015-05-21;0.893
2015-05-20;0.868
2015-05-19;0.829
2015-05-18;0.933
2015-05-17;-
2015-05-16;-
2015-05-15;0.918
2015-05-14;0.987
2015-05-13;0.924
2015-05-12;0.97
2015-05-11;0.881
2015-05-10;-
2015-05-09;-
2015-05-08;0.87
2015-05-07;1.007
2015-05-06;0.81
2015-05-05;0.681
2015-05-04;0.647
2015-05-03;-
2015-05-02;-
2015-05-01;-
2015-04-30;0.612
2015-04-29;0.48
2015-04-28;0.409
2015-04-27;0.4
2015-04-26;-
2015-04-25;-
2015-04-24;0.423
2015-04-23;0.384
2015-04-22;0.345
2015-04-21;0.343
2015-04-20;0.343
2015-04-19;-
2015-04-18;-
2015-04-17;0.339
2015-04-16;0.331
2015-04-15;0.384
2015-04-14;0.4
2015-04-13;0.432
2015-04-12;-
2015-04-11;-
2015-04-10;0.431
2015-04-09;0.43
2015-04-08;0.439
2015-04-07;0.454
2015-04-06;-
2015-04-05;-
2015-04-04;-
2015-04-03;-
2015-04-02;0.454
2015-04-01;0.464
2015-03-31;0.493
2015-03-30;0.472
2015-03-29;-
2015-03-28;-
2015-03-27;0.486
2015-03-26;0.479
2015-03-25;0.484
2015-03-24;0.458
2015-03-23;0.43
2015-03-22;-
2015-03-21;-
2015-03-20;0.423
2015-03-19;0.432
2015-03-18;0.502
2015-03-17;0.496
2015-03-16;0.487
2015-03-15;-
2015-03-14;-
2015-03-13;0.479
2015-03-12;0.427
2015-03-11;0.498
2015-03-10;0.547
2015-03-09;0.61
2015-03-08;-
2015-03-07;-
2015-03-06;0.619
2015-03-05;0.652
2015-03-04;0.635
2015-03-03;0.601
2015-03-02;0.575
2015-03-01;-
2015-02-28;-
2015-02-27;0.561
2015-02-26;0.545
2015-02-25;0.586
2015-02-24;0.628
2015-02-23;0.65
2015-02-22;-
2015-02-21;-
2015-02-20;0.67
2015-02-19;0.647
2015-02-18;0.64
2015-02-17;0.634
2015-02-16;0.617
2015-02-15;-
2015-02-14;-
2015-02-13;0.63
2015-02-12;0.635
2015-02-11;0.639
2015-02-10;0.62
2015-02-09;0.606
2015-02-08;-
2015-02-07;-
2015-02-06;0.575
2015-02-05;0.581
2015-02-04;0.59
2015-02-03;0.564
2015-02-02;0.551
2015-02-01;-
2015-01-31;-
2015-01-30;0.584
2015-01-29;0.612
2015-01-28;0.611
2015-01-27;0.594
2015-01-26;0.559
2015-01-25;-
2015-01-24;-
2015-01-23;0.55
2015-01-22;0.733
2015-01-21;0.692
2015-01-20;0.648
2015-01-19;0.641
2015-01-18;-
2015-01-17;-
2015-01-16;0.639
2015-01-15;0.694
2015-01-14;0.722
2015-01-13;0.732
2015-01-12;0.796
2015-01-11;-
2015-01-10;-
2015-01-09;0.805
2015-01-08;0.798
2015-01-07;0.751
2015-01-06;0.776
2015-01-05;0.801
2015-01-04;-
2015-01-03;-
2015-01-02;0.834
2015-01-01;-
2014-12-31;0.858
2014-12-30;0.858