Data dell'osservazione;Rendimento lordo BTP decennale benchmark
2025-09-30;3,55726
2025-09-29;3,57364
2025-09-28;
2025-09-27;
2025-09-26;3,6125
2025-09-25;3,60148
2025-09-24;3,58419
2025-09-23;3,56279
2025-09-22;3,56038
2025-09-21;
2025-09-20;
2025-09-19;3,55949
2025-09-18;3,50881
2025-09-17;3,49675
2025-09-16;3,50799
2025-09-15;3,5147
2025-09-14;
2025-09-13;
2025-09-12;3,52128
2025-09-11;3,48638
2025-09-10;3,4957
2025-09-09;3,50835
2025-09-08;3,49728
2025-09-07;
2025-09-06;
2025-09-05;3,55277
2025-09-04;3,59907
2025-09-03;3,65981
2025-09-02;3,69634
2025-09-01;3,63351
2025-08-31;
2025-08-30;
2025-08-29;3,59259
2025-08-28;3,58445
2025-08-27;3,58782
2025-08-26;3,60455
2025-08-25;3,60322
2025-08-24;
2025-08-23;
2025-08-22;3,5869
2025-08-21;3,58675
2025-08-20;3,56413
2025-08-19;3,58861
2025-08-18;3,58104
2025-08-17;
2025-08-16;
2025-08-15;
2025-08-14;3,48048
2025-08-13;3,49119
2025-08-12;3,53181
2025-08-11;3,49917
2025-08-10;
2025-08-09;
2025-08-08;3,47639
2025-08-07;3,46167
2025-08-06;3,46676
2025-08-05;3,45544
2025-08-04;3,48586
2025-08-03;
2025-08-02;
2025-08-01;3,54243
2025-07-31;3,52768
2025-07-30;3,53564
2025-07-29;3,52676
2025-07-28;3,53958
2025-07-27;
2025-07-26;
2025-07-25;3,6264
2025-07-24;3,54258
2025-07-23;3,46723
2025-07-22;3,48118
2025-07-21;3,51617
2025-07-20;
2025-07-19;
2025-07-18;3,57638
2025-07-17;3,58047
2025-07-16;3,59233
2025-07-15;3,5716
2025-07-14;3,60677
2025-07-13;
2025-07-12;
2025-07-11;3,59343
2025-07-10;3,55287
2025-07-09;3,5452
2025-07-08;3,56412
2025-07-07;3,49176
2025-07-06;
2025-07-05;
2025-07-04;3,45545
2025-07-03;3,49585
2025-07-02;3,51692
2025-07-01;3,45268
2025-06-30;3,48084
2025-06-29;
2025-06-28;
2025-06-27;3,49056
2025-06-26;3,47093
2025-06-25;3,50317
2025-06-24;3,49501
2025-06-23;3,52802
2025-06-22;
2025-06-21;
2025-06-20;3,54227
2025-06-19;3,51695
2025-06-18;3,5177
2025-06-17;3,50845
2025-06-16;3,50765
2025-06-15;
2025-06-14;
2025-06-13;3,46557
2025-06-12;3,43544
2025-06-11;3,47194
2025-06-10;3,47741
2025-06-09;3,51288
2025-06-08;
2025-06-07;
2025-06-06;3,50926
2025-06-05;3,4999
2025-06-04;3,5227
2025-06-03;3,5079
2025-06-02;3,54985
2025-06-01;
2025-05-31;
2025-05-30;3,52252
2025-05-29;3,57511
2025-05-28;3,5619
2025-05-27;3,5577
2025-05-26;3,60624
2025-05-25;
2025-05-24;
2025-05-23;3,65371
2025-05-22;3,68212
2025-05-21;3,68369
2025-05-20;3,63667
2025-05-19;3,66429
2025-05-18;
2025-05-17;
2025-05-16;3,61505
2025-05-15;3,71054
2025-05-14;3,71139
2025-05-13;3,71228
2025-05-12;3,68697
2025-05-11;
2025-05-10;
2025-05-09;3,65139
2025-05-08;3,58213
2025-05-07;3,56842
2025-05-06;3,62715
2025-05-05;3,61537
2025-05-04;
2025-05-03;
2025-05-02;3,58897
2025-05-01;
2025-04-30;3,5754
2025-04-29;3,61274
2025-04-28;3,60012
2025-04-27;
2025-04-26;
2025-04-25;3,5759
2025-04-24;3,57493
2025-04-23;3,61899
2025-04-22;3,63497
2025-04-21;
2025-04-20;
2025-04-19;
2025-04-18;
2025-04-17;3,67447
2025-04-16;3,69312
2025-04-15;3,70166
2025-04-14;3,72207
2025-04-13;
2025-04-12;
2025-04-11;3,80054
2025-04-10;3,82514
2025-04-09;3,92452
2025-04-08;3,84773
2025-04-07;3,78137
2025-04-06;
2025-04-05;
2025-04-04;3,72795
2025-04-03;3,7665
2025-04-02;3,7871
2025-04-01;3,78487
2025-03-31;3,82989
2025-03-30;
2025-03-29;
2025-03-28;3,83841
2025-03-27;3,87358
2025-03-26;3,89319
2025-03-25;3,89983
2025-03-24;3,88175
2025-03-23;
2025-03-22;
2025-03-21;3,88092
2025-03-20;3,87838
2025-03-19;3,90284
2025-03-18;3,94448
2025-03-17;3,94535
2025-03-16;
2025-03-15;
2025-03-14;4,01978
2025-03-13;4,01406
2025-03-12;4,00823
2025-03-11;3,9885
2025-03-10;3,93449
2025-03-09;
2025-03-08;
2025-03-07;3,9316
2025-03-06;3,98849
2025-03-05;3,81057
2025-03-04;3,586
2025-03-03;3,5794
2025-03-02;
2025-03-01;
2025-02-28;3,52779
2025-02-27;3,55911
2025-02-26;3,55439
2025-02-25;3,59517
2025-02-24;3,61257
2025-02-23;
2025-02-22;
2025-02-21;3,62658
2025-02-20;3,67984
2025-02-19;3,66322
2025-02-18;3,60345
2025-02-17;3,60986
2025-02-16;
2025-02-15;
2025-02-14;3,56566
2025-02-13;3,55555
2025-02-12;3,60846
2025-02-11;3,56159
2025-02-10;3,51139
2025-02-09;
2025-02-08;
2025-02-07;3,49852
2025-02-06;3,5083
2025-02-05;3,50683
2025-02-04;3,57913
2025-02-03;3,58068
2025-02-02;
2025-02-01;
2025-01-31;3,61703
2025-01-30;3,66132
2025-01-29;3,6832
2025-01-28;3,69125
2025-01-27;3,67323
2025-01-26;
2025-01-25;
2025-01-24;3,71846
2025-01-23;3,67576
2025-01-22;3,6264
2025-01-21;3,66322
2025-01-20;3,6858
2025-01-19;
2025-01-18;
2025-01-17;3,67437
2025-01-16;3,74493
2025-01-15;3,81654
2025-01-14;3,79973
2025-01-13;3,82648
2025-01-12;
2025-01-11;
2025-01-10;3,74342
2025-01-09;3,69518
2025-01-08;3,64597
2025-01-07;3,58397
2025-01-06;3,5802
2025-01-05;
2025-01-04;
2025-01-03;3,55631
2025-01-02;3,50797
2025-01-01;
2024-12-31;
2024-12-30;3,52827
2024-12-29;
2024-12-28;
2024-12-27;3,53685
2024-12-26;
2024-12-25;
2024-12-24;
2024-12-23;
2024-12-22;
2024-12-21;
2024-12-20;3,46233
2024-12-19;3,46492
2024-12-18;3,39662
2024-12-17;3,4051
2024-12-16;3,37874
2024-12-15;
2024-12-14;
2024-12-13;3,35115
2024-12-12;3,26171
2024-12-11;3,17949
2024-12-10;3,19608
2024-12-09;3,17712
2024-12-08;
2024-12-07;
2024-12-06;3,18569
2024-12-05;3,18649
2024-12-04;3,24572
2024-12-03;3,24981
2024-12-02;3,24875
2024-12-01;
2024-11-30;
2024-11-29;3,30813
2024-11-28;3,3763
2024-11-27;3,43135
2024-11-26;3,45772
2024-11-25;3,46671
2024-11-24;
2024-11-23;
2024-11-22;3,51255
2024-11-21;3,59342
2024-11-20;3,58721
2024-11-19;3,51883
2024-11-18;3,58114
2024-11-17;
2024-11-16;
2024-11-15;3,54203
2024-11-14;3,58559
2024-11-13;3,64257
2024-11-12;3,59951
2024-11-11;3,61091
2024-11-10;
2024-11-09;
2024-11-08;3,68047
2024-11-07;3,79299
2024-11-06;3,63903
2024-11-05;3,68728
2024-11-04;3,66202
2024-11-03;
2024-11-02;
2024-11-01;3,6702
2024-10-31;3,6226
2024-10-30;3,57501
2024-10-29;3,53572
2024-10-28;3,49145
2024-10-27;
2024-10-26;
2024-10-25;3,48578
2024-10-24;3,46716
2024-10-23;3,52831
2024-10-22;3,53169
2024-10-21;3,45249
2024-10-20;
2024-10-19;
2024-10-18;3,39704
2024-10-17;3,40878
2024-10-16;3,40389
2024-10-15;3,48623
2024-10-14;3,54551
2024-10-13;
2024-10-12;
2024-10-11;3,58164
2024-10-10;3,5656
2024-10-09;3,55128
2024-10-08;3,57289
2024-10-07;3,55912
2024-10-06;
2024-10-05;
2024-10-04;3,49639
2024-10-03;3,47408
2024-10-02;3,43203
2024-10-01;3,35964
2024-09-30;3,47847
2024-09-29;
2024-09-28;
2024-09-27;3,42796
2024-09-26;3,46795
2024-09-25;3,49548
2024-09-24;3,51081
2024-09-23;3,51886
2024-09-22;
2024-09-21;
2024-09-20;3,54666
2024-09-19;3,55704
2024-09-18;3,52841
2024-09-17;3,45853
2024-09-16;3,49865
2024-09-15;
2024-09-14;
2024-09-13;3,51691
2024-09-12;3,54315
2024-09-11;3,5345
2024-09-10;3,61232
2024-09-09;3,66257
2024-09-08;
2024-09-07;
2024-09-06;3,61309
2024-09-05;3,65253
2024-09-04;3,69884
2024-09-03;3,7643
2024-09-02;3,78795
2024-09-01;
2024-08-31;
2024-08-30;3,72562
2024-08-29;3,69292
2024-08-28;3,70574
2024-08-27;3,73939
2024-08-26;3,65628
2024-08-25;
2024-08-24;
2024-08-23;3,67359
2024-08-22;3,64332
2024-08-21;3,64629
2024-08-20;3,6791
2024-08-19;3,68215
2024-08-18;
2024-08-17;
2024-08-16;3,69613
2024-08-15;
2024-08-14;3,63832
2024-08-13;3,68576
2024-08-12;3,72441
2024-08-11;
2024-08-10;
2024-08-09;3,7258
2024-08-08;3,7576
2024-08-07;3,69659
2024-08-06;3,63875
2024-08-05;3,62325
2024-08-04;
2024-08-03;
2024-08-02;3,63488
2024-08-01;3,65592
2024-07-31;3,66746
2024-07-30;3,69939
2024-07-29;3,70933
2024-07-28;
2024-07-27;
2024-07-26;3,81597
2024-07-25;3,79526
2024-07-24;3,77162
2024-07-23;3,74919
2024-07-22;3,7528
2024-07-21;
2024-07-20;
2024-07-19;3,7468
2024-07-18;3,72074
2024-07-17;3,70318
2024-07-16;3,71646
2024-07-15;3,77153
2024-07-14;
2024-07-13;
2024-07-12;3,81131
2024-07-11;3,82787
2024-07-10;3,85799
2024-07-09;3,92747
2024-07-08;3,91596
2024-07-07;
2024-07-06;
2024-07-05;3,94316
2024-07-04;4,00465
2024-07-03;4,0148
2024-07-02;4,09354
2024-07-01;4,07699
2024-06-30;
2024-06-29;
2024-06-28;4,0416
2024-06-27;4,01575
2024-06-26;3,93371
2024-06-25;3,90576
2024-06-24;3,91149
2024-06-23;
2024-06-22;
2024-06-21;3,90943
2024-06-20;3,93807
2024-06-19;3,91971
2024-06-18;3,90238
2024-06-17;3,92832
2024-06-16;
2024-06-15;
2024-06-14;3,93261
2024-06-13;3,96134
2024-06-12;3,99128
2024-06-11;4,09852
2024-06-10;4,05592
2024-06-09;
2024-06-08;
2024-06-07;3,92765
2024-06-06;3,87464
2024-06-05;3,83861
2024-06-04;3,85873
2024-06-03;3,89222
2024-06-02;
2024-06-01;
2024-05-31;3,9622
2024-05-30;3,96911
2024-05-29;3,94734
2024-05-28;3,85621
2024-05-27;3,85299
2024-05-26;
2024-05-25;
2024-05-24;3,88884
2024-05-23;3,83936
2024-05-22;3,83735
2024-05-21;3,79894
2024-05-20;3,81345
2024-05-19;
2024-05-18;
2024-05-17;3,78818
2024-05-16;3,72328
2024-05-15;3,78619
2024-05-14;3,8867
2024-05-13;3,843
2024-05-12;
2024-05-11;
2024-05-10;3,83754
2024-05-09;3,84577
2024-05-08;3,7942
2024-05-07;3,7743
2024-05-06;3,83106
2024-05-05;
2024-05-04;
2024-05-03;3,83108
2024-05-02;3,85704
2024-05-01;
2024-04-30;3,87813
2024-04-29;3,86437
2024-04-28;
2024-04-27;
2024-04-26;3,96085
2024-04-25;3,98409
2024-04-24;3,9508
2024-04-23;3,84241
2024-04-22;3,86382
2024-04-21;
2024-04-20;
2024-04-19;3,90692
2024-04-18;3,88518
2024-04-17;3,90154
2024-04-16;3,91379
2024-04-15;3,83451
2024-04-14;
2024-04-13;
2024-04-12;3,74609
2024-04-11;3,85185
2024-04-10;3,76124
2024-04-09;3,7629
2024-04-08;3,83505
2024-04-07;
2024-04-06;
2024-04-05;3,78079
2024-04-04;3,81002
2024-04-03;3,86112
2024-04-02;3,77291
2024-04-01;
2024-03-31;
2024-03-30;
2024-03-29;
2024-03-28;3,69044
2024-03-27;3,66555
2024-03-26;3,69104
2024-03-25;3,71472
2024-03-24;
2024-03-23;
2024-03-22;3,67927
2024-03-21;3,70198
2024-03-20;3,73389
2024-03-19;3,7296
2024-03-18;3,73079
2024-03-17;
2024-03-16;
2024-03-15;3,74385
2024-03-14;3,66207
2024-03-13;3,61904
2024-03-12;3,63275
2024-03-11;3,65261
2024-03-10;
2024-03-09;
2024-03-08;3,6239
2024-03-07;3,65637
2024-03-06;3,68902
2024-03-05;3,7263
2024-03-04;
2024-03-03;
2024-03-02;
2024-03-01;3,87687
2024-02-29;3,93731
2024-02-28;3,88528
2024-02-27;3,87973
2024-02-26;3,84246
2024-02-25;
2024-02-24;
2024-02-23;3,90505
2024-02-22;3,94091
2024-02-21;3,88348
2024-02-20;3,86183
2024-02-19;3,88534
2024-02-18;
2024-02-17;
2024-02-16;3,86775
2024-02-15;3,81564
2024-02-14;3,87359
2024-02-13;3,90914
2024-02-12;3,89615
2024-02-11;
2024-02-10;
2024-02-09;3,93431
2024-02-08;3,92378
2024-02-07;3,85884
2024-02-06;3,85768
2024-02-05;3,85229
2024-02-04;
2024-02-03;
2024-02-02;3,75217
2024-02-01;3,75078
2024-01-31;3,75287
2024-01-30;3,78762
2024-01-29;3,74993
2024-01-28;
2024-01-27;
2024-01-26;3,79902
2024-01-25;3,88362
2024-01-24;3,86903
2024-01-23;3,87036
2024-01-22;3,83469
2024-01-21;
2024-01-20;
2024-01-19;3,86573
2024-01-18;3,90395
2024-01-17;3,88072
2024-01-16;3,79456
2024-01-15;3,76588
2024-01-14;
2024-01-13;
2024-01-12;3,7362
2024-01-11;3,81133
2024-01-10;3,80494
2024-01-09;3,83036
2024-01-08;3,84126
2024-01-07;
2024-01-06;
2024-01-05;3,84036
2024-01-04;3,73277
2024-01-03;3,7444
2024-01-02;3,74515
2024-01-01;
2023-12-31;
2023-12-30;
2023-12-29;3,63921
2023-12-28;3,53257
2023-12-27;3,48626
2023-12-26;
2023-12-25;
2023-12-24;
2023-12-23;
2023-12-22;3,53352
2023-12-21;3,57743
2023-12-20;3,59611
2023-12-19;3,65439
2023-12-18;3,7604
2023-12-17;
2023-12-16;
2023-12-15;3,71667
2023-12-14;3,79661
2023-12-13;3,98171
2023-12-12;3,99783
2023-12-11;4,04816
2023-12-10;
2023-12-09;
2023-12-08;4,01417
2023-12-07;3,94793
2023-12-06;4,00275
2023-12-05;4,03512
2023-12-04;4,09916
2023-12-03;
2023-12-02;
2023-12-01;4,17559
2023-11-30;4,18761
2023-11-29;4,19201
2023-11-28;4,32234
2023-11-27;4,30385
2023-11-26;
2023-11-25;
2023-11-24;4,38391
2023-11-23;4,34219
2023-11-22;4,30221
2023-11-21;4,30239
2023-11-20;4,33236
2023-11-19;
2023-11-18;
2023-11-17;4,33465
2023-11-16;4,38973
2023-11-15;4,39114
2023-11-14;4,46191
2023-11-13;4,54726
2023-11-12;
2023-11-11;
2023-11-10;4,55606
2023-11-09;4,49311
2023-11-08;4,51644
2023-11-07;4,54775
2023-11-06;4,57907
2023-11-05;
2023-11-04;
2023-11-03;4,50712
2023-11-02;4,62136
2023-11-01;4,79297
2023-10-31;4,75815
2023-10-30;4,79653
2023-10-29;
2023-10-28;
2023-10-27;4,85697
2023-10-26;4,96362
2023-10-25;4,9422
2023-10-24;4,84457
2023-10-23;4,96496
2023-10-22;
2023-10-21;
2023-10-20;4,9745
2023-10-19;5,03348
2023-10-18;4,97825
2023-10-17;4,85951
2023-10-16;4,84332
2023-10-15;
2023-10-14;
2023-10-13;4,79479
2023-10-12;4,70359
2023-10-11;4,72473
2023-10-10;4,8616
2023-10-09;4,9646
2023-10-08;
2023-10-07;
2023-10-06;4,96547
2023-10-05;4,93944
2023-10-04;4,96074
2023-10-03;4,89807
2023-10-02;4,84201
2023-10-01;
2023-09-30;
2023-09-29;4,82933
2023-09-28;4,87113
2023-09-27;4,75052
2023-09-26;4,74738
2023-09-25;4,69206
2023-09-24;
2023-09-23;
2023-09-22;4,60531
2023-09-21;4,57166
2023-09-20;4,53521
2023-09-19;4,53919
2023-09-18;4,51445
2023-09-17;
2023-09-16;
2023-09-15;4,48086
2023-09-14;4,47413
2023-09-13;4,48338
2023-09-12;4,42906
2023-09-11;4,42651
2023-09-10;
2023-09-09;
2023-09-08;4,323
2023-09-07;4,35393
2023-09-06;4,34099
2023-09-05;4,31114
2023-09-04;4,2854
2023-09-03;
2023-09-02;
2023-09-01;4,20727
2023-08-31;4,13268
2023-08-30;4,20208
2023-08-29;4,17984
2023-08-28;4,21644
2023-08-27;
2023-08-26;
2023-08-25;4,19313
2023-08-24;4,14477
2023-08-23;4,20823
2023-08-22;4,32828
2023-08-21;4,32686
2023-08-20;
2023-08-19;
2023-08-18;4,32682
2023-08-17;4,38626
2023-08-16;4,33261
2023-08-15;
2023-08-14;4,24203
2023-08-13;
2023-08-12;
2023-08-11;4,22462
2023-08-10;4,12795
2023-08-09;4,12127
2023-08-08;4,12424
2023-08-07;4,26653
2023-08-06;
2023-08-05;
2023-08-04;4,26968
2023-08-03;4,24468
2023-08-02;4,14658
2023-08-01;4,11726
2023-07-31;4,12322
2023-07-30;
2023-07-29;
2023-07-28;4,09899
2023-07-27;4,09341
2023-07-26;4,07646
2023-07-25;4,05792
2023-07-24;4,0149
2023-07-23;
2023-07-22;
2023-07-21;4,0749
2023-07-20;4,08276
2023-07-19;4,04427
2023-07-18;4,0413
2023-07-17;4,1496
2023-07-16;
2023-07-15;
2023-07-14;4,14475
2023-07-13;4,16481
2023-07-12;4,31013
2023-07-11;4,36198
2023-07-10;4,37108
2023-07-09;
2023-07-08;
2023-07-07;4,35921
2023-07-06;4,30118
2023-07-05;4,15533
2023-07-04;4,19414
2023-07-03;4,08115
2023-07-02;
2023-07-01;
2023-06-30;4,09677
2023-06-29;4,06186
2023-06-28;3,97504
2023-06-27;3,94819
2023-06-26;3,92942
2023-06-25;
2023-06-24;
2023-06-23;3,99742
2023-06-22;4,08675
2023-06-21;4,04652
2023-06-20;4,02555
2023-06-19;4,10974
2023-06-18;
2023-06-17;
2023-06-16;4,06193
2023-06-15;4,13908
2023-06-14;4,07677
2023-06-13;4,04803
2023-06-12;4,0187
2023-06-11;
2023-06-10;
2023-06-09;4,13921
2023-06-08;4,26645
2023-06-07;4,17082
2023-06-06;4,11568
2023-06-05;4,12796
2023-06-04;
2023-06-03;
2023-06-02;4,07189
2023-06-01;4,12329
2023-05-31;4,16257
2023-05-30;4,28963
2023-05-29;4,44611
2023-05-28;
2023-05-27;
2023-05-26;4,49985
2023-05-25;4,43697
2023-05-24;4,42235
2023-05-23;4,43421
2023-05-22;4,36042
2023-05-21;
2023-05-20;
2023-05-19;4,41092
2023-05-18;4,3687
2023-05-17;4,28847
2023-05-16;4,26678
2023-05-15;4,28243
2023-05-14;
2023-05-13;
2023-05-12;4,26328
2023-05-11;4,24874
2023-05-10;4,34364
2023-05-09;4,3389
2023-05-08;4,32197
2023-05-07;
2023-05-06;
2023-05-05;4,16946
2023-05-04;4,15605
2023-05-03;4,12856
2023-05-02;4,23883
2023-05-01;
2023-04-30;
2023-04-29;
2023-04-28;4,22232
2023-04-27;4,31714
2023-04-26;4,24861
2023-04-25;4,29319
2023-04-24;4,32781
2023-04-23;
2023-04-22;
2023-04-21;4,32323
2023-04-20;4,33434
2023-04-19;4,33501
2023-04-18;4,29359
2023-04-17;4,29679
2023-04-16;
2023-04-15;
2023-04-14;4,25373
2023-04-13;4,21423
2023-04-12;4,2206
2023-04-11;4,14792
2023-04-10;
2023-04-09;
2023-04-08;
2023-04-07;
2023-04-06;3,98459
2023-04-05;4,10709
2023-04-04;4,15558
2023-04-03;4,12825
2023-04-02;
2023-04-01;
2023-03-31;4,17761
2023-03-30;4,20138
2023-03-29;4,11642
2023-03-28;4,13303
2023-03-27;4,05816
2023-03-26;
2023-03-25;
2023-03-24;3,96927
2023-03-23;4,09313
2023-03-22;4,18793
2023-03-21;4,04354
2023-03-20;3,99086
2023-03-19;
2023-03-18;
2023-03-17;4,05869
2023-03-16;4,17046
2023-03-15;4,14296
2023-03-14;4,23575
2023-03-13;4,14593
2023-03-12;
2023-03-11;
2023-03-10;4,29693
2023-03-09;4,42811
2023-03-08;4,43985
2023-03-07;4,48077
2023-03-06;4,50897
2023-03-05;
2023-03-04;
2023-03-03;4,54556
2023-03-02;4,57961
2023-03-01;4,51501
2023-02-28;4,49967
2023-02-27;4,42253
2023-02-26;
2023-02-25;
2023-02-24;4,38883
2023-02-23;4,43331
2023-02-22;4,48087
2023-02-21;4,39695
2023-02-20;4,29542
2023-02-19;
2023-02-18;
2023-02-17;4,35418
2023-02-16;4,35318
2023-02-15;4,24286
2023-02-14;4,15236
2023-02-13;4,19887
2023-02-12;
2023-02-11;
2023-02-10;4,1819
2023-02-09;4,12997
2023-02-08;4,2409
2023-02-07;4,20041
2023-02-06;4,14862
2023-02-05;
2023-02-04;
2023-02-03;3,93654
2023-02-02;4,08409
2023-02-01;4,25944
2023-01-31;4,29327
2023-01-30;4,28962
2023-01-29;
2023-01-28;
2023-01-27;4,2333
2023-01-26;4,13852
2023-01-25;4,02812
2023-01-24;4,12065
2023-01-23;4,15101
2023-01-22;
2023-01-21;
2023-01-20;4,02485
2023-01-19;3,9488
2023-01-18;3,9255
2023-01-17;4,09122
2023-01-16;4,17696
2023-01-15;
2023-01-14;
2023-01-13;4,04467
2023-01-12;4,1188
2023-01-11;4,16885
2023-01-10;4,36059
2023-01-09;4,41184
2023-01-08;
2023-01-07;
2023-01-06;4,47468
2023-01-05;4,4724
2023-01-04;4,51091
2023-01-03;4,64428
2023-01-02;4,71245
2023-01-01;
2022-12-31;
2022-12-30;4,77428
2022-12-29;4,72495
2022-12-28;4,64415
2022-12-27;4,64413
2022-12-26;
2022-12-25;
2022-12-24;
2022-12-23;4,6441
2022-12-22;4,5773
2022-12-21;4,55346
2022-12-20;4,58228
2022-12-19;4,50158
2022-12-18;
2022-12-17;
2022-12-16;4,49359
2022-12-15;4,19484
2022-12-14;3,97458
2022-12-13;3,9747
2022-12-12;3,96304
2022-12-11;
2022-12-10;
2022-12-09;3,94084
2022-12-08;3,84754
2022-12-07;3,83691
2022-12-06;3,83652
2022-12-05;3,91935
2022-12-04;
2022-12-03;
2022-12-02;3,89146
2022-12-01;3,86831
2022-11-30;4,0269
2022-11-29;3,95641
2022-11-28;4,07296
2022-11-27;
2022-11-26;
2022-11-25;3,9766
2022-11-24;3,82411
2022-11-23;4,05011
2022-11-22;4,08811
2022-11-21;4,10008
2022-11-20;
2022-11-19;
2022-11-18;4,10255
2022-11-17;4,11334
2022-11-16;4,15291
2022-11-15;4,28871
2022-11-14;4,33969
2022-11-13;
2022-11-12;
2022-11-11;4,27313
2022-11-10;4,47683
2022-11-09;4,47689
2022-11-08;4,61667
2022-11-07;4,62227
2022-11-06;
2022-11-05;
2022-11-04;4,60455
2022-11-03;4,57089
2022-11-02;4,45862
2022-11-01;4,14291
2022-10-31;4,13878
2022-10-30;
2022-10-29;
2022-10-28;4,13839
2022-10-27;4,23089
2022-10-26;4,3946
2022-10-25;4,46591
2022-10-24;4,607
2022-10-23;
2022-10-22;
2022-10-21;4,80993
2022-10-20;4,71562
2022-10-19;4,69159
2022-10-18;4,64236
2022-10-17;4,68587
2022-10-16;
2022-10-15;
2022-10-14;4,65977
2022-10-13;4,73048
2022-10-12;4,83575
2022-10-11;4,69598
2022-10-10;4,71016
2022-10-09;
2022-10-08;
2022-10-07;4,68879
2022-10-06;4,37082
2022-10-05;4,36948
2022-10-04;4,09122
2022-10-03;4,50421
2022-10-02;
2022-10-01;
2022-09-30;4,53303
2022-09-29;4,69171
2022-09-28;4,6351
2022-09-27;4,56277
2022-09-26;4,48281
2022-09-25;
2022-09-24;
2022-09-23;4,28716
2022-09-22;4,06215
2022-09-21;4,13305
2022-09-20;4,16751
2022-09-19;4,05646
2022-09-18;
2022-09-17;
2022-09-16;4,07721
2022-09-15;4,00399
2022-09-14;4,03859
2022-09-13;3,92772
2022-09-12;3,96276
2022-09-11;
2022-09-10;
2022-09-09;4,02165
2022-09-08;3,86417
2022-09-07;3,88139
2022-09-06;3,9319
2022-09-05;3,92373
2022-09-04;
2022-09-03;
2022-09-02;3,92339
2022-09-01;3,8775
2022-08-31;3,82074
2022-08-30;3,76398
2022-08-29;3,70107
2022-08-28;
2022-08-27;
2022-08-26;3,70079
2022-08-25;3,57151
2022-08-24;3,68314
2022-08-23;3,61508
2022-08-22;3,51444
2022-08-21;
2022-08-20;
2022-08-19;3,43673
2022-08-18;3,32462
2022-08-17;3,27774
2022-08-16;3,07912
2022-08-15;
2022-08-14;
2022-08-13;
2022-08-12;3,05603
2022-08-11;2,96378
2022-08-10;2,97195
2022-08-09;3,06869
2022-08-08;2,99055
2022-08-07;
2022-08-06;
2022-08-05;2,98574
2022-08-04;2,96918
2022-08-03;3,04187
2022-08-02;2,92896
2022-08-01;3,07122
2022-07-31;
2022-07-30;
2022-07-29;3,30504
2022-07-28;3,35112
2022-07-27;3,42399
2022-07-26;3,35888
2022-07-25;3,4162
2022-07-24;
2022-07-23;
2022-07-22;3,46397
2022-07-21;3,57289
2022-07-20;3,40903
2022-07-19;3,39658
2022-07-18;3,4221
2022-07-17;
2022-07-16;
2022-07-15;3,33767
2022-07-14;3,44623
2022-07-13;3,23187
2022-07-12;3,32217
2022-07-11;3,32198
2022-07-10;
2022-07-09;
2022-07-08;3,32907
2022-07-07;3,35316
2022-07-06;3,20797
2022-07-05;3,32572
2022-07-04;3,31948
2022-07-03;
2022-07-02;
2022-07-01;3,21946
2022-06-30;3,4499
2022-06-29;3,60513
2022-06-28;3,66032
2022-06-27;3,59144
2022-06-26;
2022-06-25;
2022-06-24;3,57629
2022-06-23;3,51299
2022-06-22;3,71396
2022-06-21;3,78819
2022-06-20;3,70085
2022-06-19;
2022-06-18;
2022-06-17;3,70309
2022-06-16;3,95863
2022-06-15;3,92677
2022-06-14;4,13825
2022-06-13;3,9854
2022-06-12;
2022-06-11;
2022-06-10;3,81856
2022-06-09;3,49278
2022-06-08;3,46264
2022-06-07;3,43438
2022-06-06;3,47137
2022-06-05;
2022-06-04;
2022-06-03;3,44747
2022-06-02;3,31647
2022-06-01;3,20847
2022-05-31;3,14916
2022-05-30;3,1008
2022-05-29;
2022-05-28;
2022-05-27;2,97949
2022-05-26;2,9791
2022-05-25;3,08027
2022-05-24;3,08014
2022-05-23;3,07185
2022-05-22;
2022-05-21;
2022-05-20;3,07173
2022-05-19;2,99026
2022-05-18;3,02355
2022-05-17;3,02112
2022-05-16;2,87604
2022-05-15;
2022-05-14;
2022-05-13;2,82588
2022-05-12;2,82581
2022-05-11;2,98976
2022-05-10;3,06805
2022-05-09;3,1738
2022-05-08;
2022-05-07;
2022-05-06;3,06166
2022-05-05;2,85835
2022-05-04;2,9171
2022-05-03;2,87736
2022-05-02;2,75488
2022-05-01;
2022-04-30;
2022-04-29;2,75441
2022-04-28;2,62324
2022-04-27;2,57952
2022-04-26;2,5447
2022-04-25;2,59629
2022-04-24;
2022-04-23;
2022-04-22;2,59885
2022-04-21;2,55795
2022-04-20;2,48132
2022-04-19;2,50556
2022-04-18;
2022-04-17;
2022-04-16;
2022-04-15;
2022-04-14;2,42167
2022-04-13;2,41152
2022-04-12;2,47816
2022-04-11;2,43366
2022-04-10;
2022-04-09;
2022-04-08;2,34694
2022-04-07;2,25147
2022-04-06;2,32497
2022-04-05;2,18573
2022-04-04;2,05095
2022-04-03;
2022-04-02;
2022-04-01;2,12944
2022-03-31;2,05507
2022-03-30;2,1483
2022-03-29;2,161
2022-03-28;2,12644
2022-03-27;
2022-03-26;
2022-03-25;2,01254
2022-03-24;2,02857
2022-03-23;1,99867
2022-03-22;2,06364
2022-03-21;1,95991
2022-03-20;
2022-03-19;
2022-03-18;1,87797
2022-03-17;1,90181
2022-03-16;1,8816
2022-03-15;1,91117
2022-03-14;1,93621
2022-03-13;
2022-03-12;
2022-03-11;1,8889
2022-03-10;1,66813
2022-03-09;1,6464
2022-03-08;1,58406
2022-03-07;1,57506
2022-03-06;
2022-03-05;
2022-03-04;1,55283
2022-03-03;1,61236
2022-03-02;1,53792
2022-03-01;1,50925
2022-02-28;1,82213
2022-02-27;
2022-02-26;
2022-02-25;1,82191
2022-02-24;1,89903
2022-02-23;1,93261
2022-02-22;1,90492
2022-02-21;1,87504
2022-02-20;
2022-02-19;
2022-02-18;1,83055
2022-02-17;1,87344
2022-02-16;1,92973
2022-02-15;1,9604
2022-02-14;1,89729
2022-02-13;
2022-02-12;
2022-02-11;1,91757
2022-02-10;1,83668
2022-02-09;1,77857
2022-02-08;1,81435
2022-02-07;1,82541
2022-02-06;
2022-02-05;
2022-02-04;1,70976
2022-02-03;1,44728
2022-02-02;1,42532
2022-02-01;1,37145
2022-01-31;1,33819
2022-01-30;
2022-01-29;
2022-01-28;1,39806
2022-01-27;1,38721
2022-01-26;1,36333
2022-01-25;1,34935
2022-01-24;1,32154
2022-01-23;
2022-01-22;
2022-01-21;1,34381
2022-01-20;1,36827
2022-01-19;1,41937
2022-01-18;1,37212
2022-01-17;1,35175
2022-01-16;
2022-01-15;
2022-01-14;1,30702
2022-01-13;1,34197
2022-01-12;1,35871
2022-01-11;1,36926
2022-01-10;1,37556
2022-01-09;
2022-01-08;
2022-01-07;1,3584
2022-01-06;1,34661
2022-01-05;1,30605
2022-01-04;1,25853
2022-01-03;1,23956
2022-01-02;
2022-01-01;
2021-12-31;
2021-12-30;1,2
2021-12-29;1,18276
2021-12-28;1,18172
2021-12-27;1,20041
2021-12-26;
2021-12-25;
2021-12-24;
2021-12-23;1,00881
2021-12-22;1,00933
2021-12-21;1,00848
2021-12-20;1,00847
2021-12-19;
2021-12-18;
2021-12-17;1,00743
2021-12-16;0,9749
2021-12-15;0,97996
2021-12-14;0,99619
2021-12-13;0,99923
2021-12-12;
2021-12-11;
2021-12-10;1,03688
2021-12-09;1,06341
2021-12-08;0,99309
2021-12-07;0,99004
2021-12-06;0,97586
2021-12-05;
2021-12-04;
2021-12-03;1,03063
2021-12-02;1,05098
2021-12-01;1,09585
2021-11-30;1,02953
2021-11-29;1,06616
2021-11-28;
2021-11-27;
2021-11-26;1,05899
2021-11-25;1,11312
2021-11-24;1,14789
2021-11-23;1,07719
2021-11-22;0,97176
2021-11-21;
2021-11-20;
2021-11-19;0,95565
2021-11-18;1,02123
2021-11-17;1,05159
2021-11-16;0,98225
2021-11-15;0,92651
2021-11-14;
2021-11-13;
2021-11-12;0,97275
2021-11-11;0,95065
2021-11-10;0,88267
2021-11-09;0,85876
2021-11-08;0,88583
2021-11-07;
2021-11-06;
2021-11-05;0,91924
2021-11-04;0,979
2021-11-03;1,03591
2021-11-02;1,09528
2021-11-01;1,23133
2021-10-31;
2021-10-30;
2021-10-29;1,19141
2021-10-28;0,99681
2021-10-27;0,96529
2021-10-26;0,96634
2021-10-25;0,98205
2021-10-24;
2021-10-23;
2021-10-22;1,01356
2021-10-21;0,98099
2021-10-20;0,97677
2021-10-19;0,97153
2021-10-18;0,95794
2021-10-17;
2021-10-16;
2021-10-15;0,91523
2021-10-14;0,92668
2021-10-13;0,95167
2021-10-12;0,9548
2021-10-11;0,96314
2021-10-10;
2021-10-09;
2021-10-08;0,90389
2021-10-07;0,89665
2021-10-06;0,94543
2021-10-05;0,86368
2021-10-04;0,8802
2021-10-03;
2021-10-02;
2021-10-01;0,8483
2021-09-30;0,88127
2021-09-29;0,8669
2021-09-28;0,90093
2021-09-27;0,869
2021-09-26;
2021-09-25;
2021-09-24;0,82286
2021-09-23;0,73129
2021-09-22;0,72033
2021-09-21;0,74366
2021-09-20;0,75791
2021-09-19;
2021-09-18;
2021-09-17;0,77419
2021-09-16;0,74382
2021-09-15;0,72074
2021-09-14;0,72484
2021-09-13;0,74813
2021-09-12;
2021-09-11;
2021-09-10;0,74515
2021-09-09;0,77861
2021-09-08;0,79497
2021-09-07;0,79602
2021-09-06;0,74041
2021-09-05;
2021-09-04;
2021-09-03;0,75359
2021-09-02;0,71535
2021-09-01;0,75479
2021-08-31;0,6815
2021-08-30;0,69458
2021-08-29;
2021-08-28;
2021-08-27;0,70467
2021-08-26;0,72078
2021-08-25;0,65896
2021-08-24;0,61729
2021-08-23;0,59954
2021-08-22;
2021-08-21;
2021-08-20;0,59963
2021-08-19;0,61159
2021-08-18;0,59406
2021-08-17;0,60403
2021-08-16;0,60609
2021-08-15;
2021-08-14;
2021-08-13;0,60519
2021-08-12;0,59935
2021-08-11;0,6085
2021-08-10;0,58886
2021-08-09;0,61163
2021-08-08;
2021-08-07;
2021-08-06;0,61172
2021-08-05;0,58323
2021-08-04;0,60615
2021-08-03;0,64968
2021-08-02;0,64976
2021-08-01;
2021-07-31;
2021-07-30;0,66667
2021-07-29;0,66377
2021-07-28;0,66695
2021-07-27;0,669
2021-07-26;0,66907
2021-07-25;
2021-07-24;
2021-07-23;0,67806
2021-07-22;0,70888
2021-07-21;0,72397
2021-07-20;0,72602
2021-07-19;0,75097
2021-07-18;
2021-07-17;
2021-07-16;0,75102
2021-07-15;0,75107
2021-07-14;0,73729
2021-07-13;0,7732
2021-07-12;0,80423
2021-07-11;
2021-07-10;
2021-07-09;0,80427
2021-07-08;0,7963
2021-07-07;0,7635
2021-07-06;0,82347
2021-07-05;0,84255
2021-07-04;
2021-07-03;
2021-07-02;0,82153
2021-07-01;0,85867
2021-06-30;0,89497
2021-06-29;0,91921
2021-06-28;0,94452
2021-06-27;
2021-06-26;
2021-06-25;0,94452
2021-06-24;0,92631
2021-06-23;0,91724
2021-06-22;0,93947
2021-06-21;0,93341
2021-06-20;
2021-06-19;
2021-06-18;0,89511
2021-06-17;0,82957
2021-06-16;0,78026
2021-06-15;0,77292
2021-06-14;0,75415
2021-06-13;
2021-06-12;
2021-06-11;0,76555
2021-06-10;0,83021
2021-06-09;0,82062
2021-06-08;0,9035
2021-06-07;0,90659
2021-06-06;
2021-06-05;
2021-06-04;0,88965
2021-06-03;0,88958
2021-06-02;0,8883
2021-06-01;0,89559
2021-05-31;0,9229
2021-05-30;
2021-05-29;
2021-05-28;0,93231
2021-05-27;0,92695
2021-05-26;0,92564
2021-05-25;0,9805
2021-05-24;1,03034
2021-05-23;
2021-05-22;
2021-05-21;1,01852
2021-05-20;1,10819
2021-05-19;1,13359
2021-05-18;1,10015
2021-05-17;1,10753
2021-05-16;
2021-05-15;
2021-05-14;1,07208
2021-05-13;1,02722
2021-05-12;0,9729
2021-05-11;0,97175
2021-05-10;0,95269
2021-05-09;
2021-05-08;
2021-05-07;0,94944
2021-05-06;0,89692
2021-05-05;0,87895
2021-05-04;0,85909
2021-05-03;0,90595
2021-05-02;
2021-05-01;
2021-04-30;0,90378
2021-04-29;0,88909
2021-04-28;0,88783
2021-04-27;0,86383
2021-04-26;0,84716
2021-04-25;
2021-04-24;
2021-04-23;0,82329
2021-04-22;0,80258
2021-04-21;0,80449
2021-04-20;0,84161
2021-04-19;0,79409
2021-04-18;
2021-04-17;
2021-04-16;0,7889
2021-04-15;0,77551
2021-04-14;0,78564
2021-04-13;0,79997
2021-04-12;0,77734
2021-04-11;
2021-04-10;
2021-04-09;0,70889
2021-04-08;0,70886
2021-04-07;0,72607
2021-04-06;0,72401
2021-04-05;
2021-04-04;
2021-04-03;
2021-04-02;
2021-04-01;0,69249
2021-03-31;0,72191
2021-03-30;0,73599
2021-03-29;0,63083
2021-03-28;
2021-03-27;
2021-03-26;0,63082
2021-03-25;0,63081
2021-03-24;0,64084
2021-03-23;0,66497
2021-03-22;0,71039
2021-03-21;
2021-03-20;
2021-03-19;0,70733
2021-03-18;0,74479
2021-03-17;0,67494
2021-03-16;0,65281
2021-03-15;0,65481
2021-03-14;
2021-03-13;
2021-03-12;0,66383
2021-03-11;0,68494
2021-03-10;0,73938
2021-03-09;0,76976
2021-03-08;0,77683
2021-03-07;
2021-03-06;
2021-03-05;0,79305
2021-03-04;0,76862
2021-03-03;0,74925
2021-03-02;0,71993
2021-03-01;0,72495
2021-02-28;
2021-02-27;
2021-02-26;0,81816
2021-02-25;0,78658
2021-02-24;0,70166
2021-02-23;0,6263
2021-02-22;0,62536
2021-02-21;
2021-02-20;
2021-02-19;0,63757
2021-02-18;0,61641
2021-02-17;0,57334
2021-02-16;0,53335
2021-02-15;0,51648
2021-02-14;
2021-02-13;
2021-02-12;0,43812
2021-02-11;0,48284
2021-02-10;0,49608
2021-02-09;0,50513
2021-02-08;0,52215
2021-02-07;
2021-02-06;
2021-02-05;0,52723
2021-02-04;0,56327
2021-02-03;0,57754
2021-02-02;0,64694
2021-02-01;0,61379
2021-01-31;
2021-01-30;
2021-01-29;0,64102
2021-01-28;0,65016
2021-01-27;0,63828
2021-01-26;0,65143
2021-01-25;0,68579
2021-01-24;
2021-01-23;
2021-01-22;0,73751
2021-01-21;0,62249
2021-01-20;0,5827
2021-01-19;0,60676
2021-01-18;0,63789
2021-01-17;
2021-01-16;
2021-01-15;0,61491
2021-01-14;0,64103
2021-01-13;0,64525
2021-01-12;0,63028
2021-01-11;0,54172
2021-01-10;
2021-01-09;
2021-01-08;0,51609
2021-01-07;0,57664
2021-01-06;0,59081
2021-01-05;0,56507
2021-01-04;0,53743
2021-01-03;
2021-01-02;
2021-01-01;
2020-12-31;
2020-12-30;0,56251
2020-12-29;0,55145
2020-12-28;0,54302
2020-12-27;
2020-12-26;
2020-12-25;
2020-12-24;
2020-12-23;0,6008
2020-12-22;0,56691
2020-12-21;0,56241
2020-12-20;
2020-12-19;
2020-12-18;0,55953
2020-12-17;0,51433
2020-12-16;0,53428
2020-12-15;0,52356
2020-12-14;0,54332
2020-12-13;
2020-12-12;
2020-12-11;0,57593
2020-12-10;0,57601
2020-12-09;0,58909
2020-12-08;0,60795
2020-12-07;0,61693
2020-12-06;
2020-12-05;
2020-12-04;0,60118
2020-12-03;0,61609
2020-12-02;0,66389
2020-12-01;0,65105
2020-11-30;0,59474
2020-11-29;
2020-11-28;
2020-11-27;0,59679
2020-11-26;0,60771
2020-11-25;0,60301
2020-11-24;0,60604
2020-11-23;0,62486
2020-11-22;
2020-11-21;
2020-11-20;0,63876
2020-11-19;0,64872
2020-11-18;0,63409
2020-11-17;0,65491
2020-11-16;0,65497
2020-11-15;
2020-11-14;
2020-11-13;0,66097
2020-11-12;0,69572
2020-11-11;0,7576
2020-11-10;0,76363
2020-11-09;0,65838
2020-11-08;
2020-11-07;
2020-11-06;0,65252
2020-11-05;0,66541
2020-11-04;0,71012
2020-11-03;0,73997
2020-11-02;0,7749
2020-11-01;
2020-10-31;
2020-10-30;0,74403
2020-10-29;0,76598
2020-10-28;0,78404
2020-10-27;0,75418
2020-10-26;0,75322
2020-10-25;
2020-10-24;
2020-10-23;0,80211
2020-10-22;0,81814
2020-10-21;0,78924
2020-10-20;0,76339
2020-10-19;0,71881
2020-10-18;
2020-10-17;
2020-10-16;0,6735
2020-10-15;0,73077
2020-10-14;0,67078
2020-10-13;0,70824
2020-10-12;0,72111
2020-10-11;
2020-10-10;
2020-10-09;0,75577
2020-10-08;0,80848
2020-10-07;0,80556
2020-10-06;0,8335
2020-10-05;0,81955
2020-10-04;
2020-10-03;
2020-10-02;0,84052
2020-10-01;0,88057
2020-09-30;0,8564
2020-09-29;0,86255
2020-09-28;0,87465
2020-09-27;
2020-09-26;
2020-09-25;0,86889
2020-09-24;0,87007
2020-09-23;0,85085
2020-09-22;0,90261
2020-09-21;0,96764
2020-09-20;
2020-09-19;
2020-09-18;0,96481
2020-09-17;0,95898
2020-09-16;0,96849
2020-09-15;1,02279
2020-09-14;1,01391
2020-09-13;
2020-09-12;
2020-09-11;1,04927
2020-09-10;1,06354
2020-09-09;1,0549
2020-09-08;1,09644
2020-09-07;1,09455
2020-09-06;
2020-09-05;
2020-09-04;1,03724
2020-09-03;1,01832
2020-09-02;1,04688
2020-09-01;1,14295
2020-08-31;1,11572
2020-08-30;
2020-08-29;
2020-08-28;1,10877
2020-08-27;1,05349
2020-08-26;1,08208
2020-08-25;1,06111
2020-08-24;1,00719
2020-08-23;
2020-08-22;
2020-08-21;0,99339
2020-08-20;0,97266
2020-08-19;0,98011
2020-08-18;0,99917
2020-08-17;1,03724
2020-08-16;
2020-08-15;
2020-08-14;1,07042
2020-08-13;1,04853
2020-08-12;1,04398
2020-08-11;0,99035
2020-08-10;0,98754
2020-08-09;
2020-08-08;
2020-08-07;1,01254
2020-08-06;0,99481
2020-08-05;1,02609
2020-08-04;1,04816
2020-08-03;1,03635
2020-08-02;
2020-08-01;
2020-07-31;1,03649
2020-07-30;1,04162
2020-07-29;1,06499
2020-07-28;1,05815
2020-07-27;1,06328
2020-07-26;
2020-07-25;
2020-07-24;1,0704
2020-07-23;1,05858
2020-07-22;1,13095
2020-07-21;1,12506
2020-07-20;1,15631
2020-07-19;
2020-07-18;
2020-07-17;1,24531
2020-07-16;1,26471
2020-07-15;1,26499
2020-07-14;1,29867
2020-07-13;1,3008
2020-07-12;
2020-07-11;
2020-07-10;1,29579
2020-07-09;1,2674
2020-07-08;1,26666
2020-07-07;1,30029
2020-07-06;1,29021
2020-07-05;
2020-07-04;
2020-07-03;1,27912
2020-07-02;1,30258
2020-07-01;1,33237
2020-06-30;1,34163
2020-06-29;1,34784
2020-06-28;
2020-06-27;
2020-06-26;1,36324
2020-06-25;1,36535
2020-06-24;1,32376
2020-06-23;1,3407
2020-06-22;1,36724
2020-06-21;
2020-06-20;
2020-06-19;1,44929
2020-06-18;1,44934
2020-06-17;1,4721
2020-06-16;1,46034
2020-06-15;1,48553
2020-06-14;
2020-06-13;
2020-06-12;1,54178
2020-06-11;1,56141
2020-06-10;1,61751
2020-06-09;1,4544
2020-06-08;1,4506
2020-06-07;
2020-06-06;
2020-06-05;1,45048
2020-06-04;1,54052
2020-06-03;1,58837
2020-06-02;1,55328
2020-06-01;1,48964
2020-05-31;
2020-05-30;
2020-05-29;1,48951
2020-05-28;1,54697
2020-05-27;1,55759
2020-05-26;1,58923
2020-05-25;1,62808
2020-05-24;
2020-05-23;
2020-05-22;1,63498
2020-05-21;1,68697
2020-05-20;1,66909
2020-05-19;1,66891
2020-05-18;1,82344
2020-05-17;
2020-05-16;
2020-05-15;1,86123
2020-05-14;1,84713
2020-05-13;1,84644
2020-05-12;1,9213
2020-05-11;1,89467
2020-05-10;
2020-05-09;
2020-05-08;2,02009
2020-05-07;2,01982
2020-05-06;1,94451
2020-05-05;1,83396
2020-05-04;1,7568
2020-05-03;
2020-05-02;
2020-05-01;
2020-04-30;1,7566
2020-04-29;1,8403
2020-04-28;1,76009
2020-04-27;1,77903
2020-04-26;
2020-04-25;
2020-04-24;1,96337
2020-04-23;2,05891
2020-04-22;2,23014
2020-04-21;2,09908
2020-04-20;1,88397
2020-04-19;
2020-04-18;
2020-04-17;1,88373
2020-04-16;1,8835
2020-04-15;1,88279
2020-04-14;1,72996
2020-04-13;
2020-04-12;
2020-04-11;
2020-04-10;
2020-04-09;1,72977
2020-04-08;1,72957
2020-04-07;1,56969
2020-04-06;1,56223
2020-04-05;
2020-04-04;
2020-04-03;1,52746
2020-04-02;1,49897
2020-04-01;1,61339
2020-03-31;1,51145
2020-03-30;1,31164
2020-03-29;
2020-03-28;
2020-03-27;1,31155
2020-03-26;1,31146
2020-03-25;1,59282
2020-03-24;1,62344
2020-03-23;1,62327
2020-03-22;
2020-03-21;
2020-03-20;1,58362
2020-03-19;2,67461
2020-03-18;2,67331
2020-03-17;2,30974
2020-03-16;2,01371
2020-03-15;
2020-03-14;
2020-03-13;1,74047
2020-03-12;1,47813
2020-03-11;1,24624
2020-03-10;1,32363
2020-03-09;1,37056
2020-03-08;
2020-03-07;
2020-03-06;1,13936
2020-03-05;1,0869
2020-03-04;0,97329
2020-03-03;1,07259
2020-03-02;1,15419
2020-03-01;
2020-02-29;
2020-02-28;1,12657
2020-02-27;1,05995
2020-02-26;1,01172
2020-02-25;0,97338
2020-02-24;0,94472
2020-02-23;
2020-02-22;
2020-02-21;0,89616
2020-02-20;0,92325
2020-02-19;0,91743
2020-02-18;0,90606
2020-02-17;0,90667
2020-02-16;
2020-02-15;
2020-02-14;0,89767
2020-02-13;0,87358
2020-02-12;0,92414
2020-02-11;0,96187
2020-02-10;0,94571
2020-02-09;
2020-02-08;
2020-02-07;0,98896
2020-02-06;0,98905
2020-02-05;0,9519
2020-02-04;0,95643
2020-02-03;0,95473
2020-02-02;
2020-02-01;
2020-01-31;0,92392
2020-01-30;0,96956
2020-01-29;0,96464
2020-01-28;1,00383
2020-01-27;1,04452
2020-01-26;
2020-01-25;
2020-01-24;1,25807
2020-01-23;1,29607
2020-01-22;1,38352
2020-01-21;1,37122
2020-01-20;1,38475
2020-01-19;
2020-01-18;
2020-01-17;1,38474
2020-01-16;1,39014
2020-01-15;1,37094
2020-01-14;1,3733
2020-01-13;1,36387
2020-01-12;
2020-01-11;
2020-01-10;1,31982
2020-01-09;1,39958
2020-01-08;1,39419
2020-01-07;1,3736
2020-01-06;1,33044
2020-01-05;
2020-01-04;
2020-01-03;1,35048
2020-01-02;1,39862
2020-01-01;
2019-12-31;
2019-12-30;1,39898
2019-12-29;
2019-12-28;
2019-12-27;1,41973
2019-12-26;
2019-12-25;
2019-12-24;
2019-12-23;1,42549
2019-12-22;
2019-12-21;
2019-12-20;1,39809
2019-12-19;1,38574
2019-12-18;1,27629
2019-12-17;1,28742
2019-12-16;1,28398
2019-12-15;
2019-12-14;
2019-12-13;1,27503
2019-12-12;1,26251
2019-12-11;1,30617
2019-12-10;1,37845
2019-12-09;1,38896
2019-12-08;
2019-12-07;
2019-12-06;1,44055
2019-12-05;1,46261
2019-12-04;1,37523
2019-12-03;1,47337
2019-12-02;1,42333
2019-12-01;
2019-11-30;
2019-11-29;1,32197
2019-11-28;1,32198
2019-11-27;1,3045
2019-11-26;1,25965
2019-11-25;1,2562
2019-11-24;
2019-11-23;
2019-11-22;1,28594
2019-11-21;1,2741
2019-11-20;1,29424
2019-11-19;1,31202
2019-11-18;1,28433
2019-11-17;
2019-11-16;
2019-11-15;1,36489
2019-11-14;1,31927
2019-11-13;1,31059
2019-11-12;1,29673
2019-11-11;1,3245
2019-11-10;
2019-11-09;
2019-11-08;1,32243
2019-11-07;1,17389
2019-11-06;1,13873
2019-11-05;1,10522
2019-11-04;1,0477
2019-11-03;
2019-11-02;
2019-11-01;
2019-10-31;1,02445
2019-10-30;1,09227
2019-10-29;1,07865
2019-10-28;1,09679
2019-10-27;
2019-10-26;
2019-10-25;1,04013
2019-10-24;1,04029
2019-10-23;1,01801
2019-10-22;1,04151
2019-10-21;1,07038
2019-10-20;
2019-10-19;
2019-10-18;1,018
2019-10-17;1,02517
2019-10-16;1,02541
2019-10-15;1,02549
2019-10-14;1,02557
2019-10-13;
2019-10-12;
2019-10-11;1,02565
2019-10-10;0,93239
2019-10-09;0,93269
2019-10-08;0,93279
2019-10-07;0,9231
2019-10-06;
2019-10-05;
2019-10-04;0,89133
2019-10-03;0,93409
2019-10-02;0,97881
2019-10-01;0,90856
2019-09-30;0,90867
2019-09-29;
2019-09-28;
2019-09-27;0,90809
2019-09-26;0,9158
2019-09-25;0,93049
2019-09-24;0,91361
2019-09-23;0,91302
2019-09-22;
2019-09-21;
2019-09-20;0,88643
2019-09-19;0,88694
2019-09-18;0,88845
2019-09-17;0,88656
2019-09-16;0,88391
2019-09-15;
2019-09-14;
2019-09-13;0,86281
2019-09-12;0,93587
2019-09-11;0,99379
2019-09-10;0,99131
2019-09-09;0,84782
2019-09-08;
2019-09-07;
2019-09-06;0,84833
2019-09-05;0,84884
2019-09-04;0,83996
2019-09-03;0,88135
2019-09-02;0,97167
2019-09-01;
2019-08-31;
2019-08-30;0,95827
2019-08-29;0,97392
2019-08-28;1,1135
2019-08-27;1,21596
2019-08-26;1,29543
2019-08-25;
2019-08-24;
2019-08-23;1,29584
2019-08-22;1,32187
2019-08-21;1,33984
2019-08-20;1,31379
2019-08-19;1,46884
2019-08-18;
2019-08-17;
2019-08-16;1,37214
2019-08-15;
2019-08-14;1,54619
2019-08-13;1,65194
2019-08-12;1,74462
2019-08-11;
2019-08-10;
2019-08-09;1,78093
2019-08-08;1,5045
2019-08-07;1,44026
2019-08-06;1,51031
2019-08-05;1,51339
2019-08-04;
2019-08-03;
2019-08-02;1,55268
2019-08-01;1,5624
2019-07-31;1,56156
2019-07-30;1,59779
2019-07-29;1,5716
2019-07-28;
2019-07-27;
2019-07-26;1,50635
2019-07-25;1,47131
2019-07-24;1,47577
2019-07-23;1,61456
2019-07-22;1,6373
2019-07-21;
2019-07-20;
2019-07-19;1,6219
2019-07-18;1,53976
2019-07-17;1,59197
2019-07-16;1,61028
2019-07-15;1,64551
2019-07-14;
2019-07-13;
2019-07-12;1,71625
2019-07-11;1,69061
2019-07-10;1,74612
2019-07-09;1,72731
2019-07-08;1,73348
2019-07-07;
2019-07-06;
2019-07-05;1,74415
2019-07-04;1,64195
2019-07-03;1,72411
2019-07-02;1,85773
2019-07-01;2,01238
2019-06-30;
2019-06-29;
2019-06-28;2,09817
2019-06-27;2,13959
2019-06-26;2,13687
2019-06-25;2,15902
2019-06-24;2,10586
2019-06-23;
2019-06-22;
2019-06-21;2,15508
2019-06-20;2,05883
2019-06-19;2,10598
2019-06-18;2,13558
2019-06-17;2,31519
2019-06-16;
2019-06-15;
2019-06-14;2,3221
2019-06-13;2,38584
2019-06-12;2,38713
2019-06-11;2,32306
2019-06-10;2,40726
2019-06-09;
2019-06-08;
2019-06-07;2,35315
2019-06-06;2,4614
2019-06-05;2,52221
2019-06-04;2,48892
2019-06-03;2,61358
2019-06-02;
2019-06-01;
2019-05-31;2,67357
2019-05-30;2,64019
2019-05-29;2,65855
2019-05-28;2,69692
2019-05-27;2,58472
2019-05-26;
2019-05-25;
2019-05-24;2,55758
2019-05-23;2,63178
2019-05-22;2,64364
2019-05-21;2,64583
2019-05-20;2,67788
2019-05-19;
2019-05-18;
2019-05-17;2,64546
2019-05-16;2,69559
2019-05-15;2,75336
2019-05-14;2,71682
2019-05-13;2,70105
2019-05-12;
2019-05-11;
2019-05-10;2,67615
2019-05-09;2,66404
2019-05-08;2,6377
2019-05-07;2,57758
2019-05-06;2,58239
2019-05-05;
2019-05-04;
2019-05-03;2,55499
2019-05-02;2,5531
2019-05-01;
2019-04-30;2,62248
2019-04-29;2,57184
2019-04-28;
2019-04-27;
2019-04-26;2,62381
2019-04-25;2,67823
2019-04-24;2,63699
2019-04-23;2,66306
2019-04-22;
2019-04-21;
2019-04-20;
2019-04-19;
2019-04-18;2,57913
2019-04-17;2,61204
2019-04-16;2,58529
2019-04-15;2,54364
2019-04-14;
2019-04-13;
2019-04-12;2,49904
2019-04-11;2,56216
2019-04-10;2,55272
2019-04-09;2,61598
2019-04-08;2,64015
2019-04-07;
2019-04-06;
2019-04-05;2,64024
2019-04-04;2,68323
2019-04-03;2,66475
2019-04-02;2,69102
2019-04-01;2,68542
2019-03-31;
2019-03-30;
2019-03-29;2,63601
2019-03-28;2,63712
2019-03-27;2,65528
2019-03-26;2,64694
2019-03-25;2,59754
2019-03-24;
2019-03-23;
2019-03-22;2,62535
2019-03-21;2,5909
2019-03-20;2,6556
2019-03-19;2,63231
2019-03-18;2,57366
2019-03-17;
2019-03-16;
2019-03-15;2,63505
2019-03-14;2,65623
2019-03-13;2,71662
2019-03-12;2,7001
2019-03-11;2,70129
2019-03-10;
2019-03-09;
2019-03-08;2,70137
2019-03-07;2,70146
2019-03-06;2,82082
2019-03-05;2,85039
2019-03-04;2,87568
2019-03-03;
2019-03-02;
2019-03-01;2,87715
2019-02-28;2,76846
2019-02-27;2,74129
2019-02-26;2,72546
2019-02-25;2,77724
2019-02-24;
2019-02-23;
2019-02-22;2,85797
2019-02-21;2,84803
2019-02-20;2,82982
2019-02-19;2,80366
2019-02-18;2,76368
2019-02-17;
2019-02-16;
2019-02-15;2,84793
2019-02-14;2,79821
2019-02-13;2,78876
2019-02-12;2,84062
2019-02-11;2,89553
2019-02-10;
2019-02-09;
2019-02-08;2,9655
2019-02-07;2,94691
2019-02-06;2,80364
2019-02-05;2,7502
2019-02-04;2,73608
2019-02-03;
2019-02-02;
2019-02-01;2,75915
2019-01-31;2,57641
2019-01-30;2,62431
2019-01-29;2,62771
2019-01-28;2,66871
2019-01-27;
2019-01-26;
2019-01-25;2,67789
2019-01-24;2,67793
2019-01-23;2,76357
2019-01-22;2,74019
2019-01-21;2,75725
2019-01-20;
2019-01-19;
2019-01-18;2,77698
2019-01-17;2,77699
2019-01-16;2,80623
2019-01-15;2,82869
2019-01-14;2,8287
2019-01-13;
2019-01-12;
2019-01-11;2,8287
2019-01-10;2,93504
2019-01-09;2,93498
2019-01-08;2,9641
2019-01-07;2,85878
2019-01-06;
2019-01-05;
2019-01-04;2,85877
2019-01-03;2,75614
2019-01-02;2,67428
2019-01-01;
2018-12-31;
2018-12-30;
2018-12-29;
2018-12-28;2,73173
2018-12-27;2,87429
2018-12-26;
2018-12-25;
2018-12-24;
2018-12-23;
2018-12-22;
2018-12-21;2,80832
2018-12-20;2,7488
2018-12-19;2,77109
2018-12-18;2,94745
2018-12-17;2,94743
2018-12-16;
2018-12-15;
2018-12-14;2,9474
2018-12-13;2,89713
2018-12-12;2,99768
2018-12-11;3,12487
2018-12-10;3,12676
2018-12-09;
2018-12-08;
2018-12-07;3,1494
2018-12-06;3,15243
2018-12-05;3,06489
2018-12-04;3,14626
2018-12-03;3,1413
2018-12-02;
2018-12-01;
2018-11-30;3,20852
2018-11-29;3,25861
2018-11-28;3,25814
2018-11-27;3,24529
2018-11-26;3,23377
2018-11-25;
2018-11-24;
2018-11-23;3,35132
2018-11-22;3,44871
2018-11-21;3,50881
2018-11-20;3,63175
2018-11-19;3,47981
2018-11-18;
2018-11-17;
2018-11-16;3,43614
2018-11-15;3,47336
2018-11-14;3,50961
2018-11-13;3,47638
2018-11-12;3,44268
2018-11-11;
2018-11-10;
2018-11-09;3,44252
2018-11-08;3,39594
2018-11-07;3,31811
2018-11-06;3,40032
2018-11-05;3,33605
2018-11-04;
2018-11-03;
2018-11-02;3,33593
2018-11-01;
2018-10-31;3,4129
2018-10-30;3,43141
2018-10-29;3,27484
2018-10-28;
2018-10-27;
2018-10-26;3,49902
2018-10-25;3,56097
2018-10-24;3,54296
2018-10-23;3,53244
2018-10-22;3,4459
2018-10-21;
2018-10-20;
2018-10-19;3,65091
2018-10-18;3,59913
2018-10-17;3,47257
2018-10-16;3,4257
2018-10-15;3,54507
2018-10-14;
2018-10-13;
2018-10-12;3,55032
2018-10-11;3,58756
2018-10-10;3,48671
2018-10-09;3,55993
2018-10-08;3,58544
2018-10-07;
2018-10-06;
2018-10-05;3,39696
2018-10-04;3,34221
2018-10-03;3,29863
2018-10-02;3,38443
2018-10-01;3,19741
2018-09-30;
2018-09-29;
2018-09-28;3,22822
2018-09-27;2,94508
2018-09-26;2,83405
2018-09-25;2,85843
2018-09-24;2,90183
2018-09-23;
2018-09-22;
2018-09-21;2,82431
2018-09-20;2,83372
2018-09-19;2,7726
2018-09-18;2,80381
2018-09-17;2,87667
2018-09-16;
2018-09-15;
2018-09-14;2,95981
2018-09-13;2,95295
2018-09-12;2,94186
2018-09-11;2,87929
2018-09-10;2,922
2018-09-09;
2018-09-08;
2018-09-07;2,99516
2018-09-06;3,01071
2018-09-05;3,07755
2018-09-04;3,23089
2018-09-03;3,32116
2018-09-02;
2018-09-01;
2018-08-31;3,3431
2018-08-30;3,29618
2018-08-29;3,316
2018-08-28;3,29167
2018-08-27;3,28707
2018-08-26;
2018-08-25;
2018-08-24;3,28697
2018-08-23;3,19597
2018-08-22;3,18206
2018-08-21;3,2373
2018-08-20;3,2372
2018-08-19;
2018-08-18;
2018-08-17;3,30493
2018-08-16;3,2819
2018-08-15;
2018-08-14;3,23058
2018-08-13;3,23891
2018-08-12;
2018-08-11;
2018-08-10;3,09642
2018-08-09;3,02548
2018-08-08;3,02134
2018-08-07;3,0213
2018-08-06;3,04183
2018-08-05;
2018-08-04;
2018-08-03;2,96305
2018-08-02;2,88803
2018-08-01;2,75379
2018-07-31;2,75359
2018-07-30;2,77161
2018-07-29;
2018-07-28;
2018-07-27;2,69148
2018-07-26;2,69616
2018-07-25;2,66147
2018-07-24;2,66435
2018-07-23;2,57064
2018-07-22;
2018-07-21;
2018-07-20;2,56926
2018-07-19;2,46866
2018-07-18;2,47525
2018-07-17;2,60813
2018-07-16;2,60797
2018-07-15;
2018-07-14;
2018-07-13;2,60782
2018-07-12;2,65258
2018-07-11;2,68059
2018-07-10;2,68041
2018-07-09;2,68024
2018-07-08;
2018-07-07;
2018-07-06;2,68007
2018-07-05;2,6444
2018-07-04;2,64391
2018-07-03;2,64307
2018-07-02;2,69389
2018-07-01;
2018-06-30;
2018-06-29;2,69372
2018-06-28;2,80615
2018-06-27;2,8979
2018-06-26;2,9132
2018-06-25;2,71508
2018-06-24;
2018-06-23;
2018-06-22;2,7149
2018-06-21;2,71472
2018-06-20;2,52677
2018-06-19;2,5589
2018-06-18;2,55
2018-06-17;
2018-06-16;
2018-06-15;2,77923
2018-06-14;2,77903
2018-06-13;2,80404
2018-06-12;2,78656
2018-06-11;2,84005
2018-06-10;
2018-06-09;
2018-06-08;3,07951
2018-06-07;2,8675
2018-06-06;2,86685
2018-06-05;2,62648
2018-06-04;2,56201
2018-06-03;
2018-06-02;
2018-06-01;2,54497
2018-05-31;2,77104
2018-05-30;3,01808
2018-05-29;2,97156
2018-05-28;2,52684
2018-05-27;
2018-05-26;
2018-05-25;2,52671
2018-05-24;2,36855
2018-05-23;2,41753
2018-05-22;2,31837
2018-05-21;2,30448
2018-05-20;
2018-05-19;
2018-05-18;2,18431
2018-05-17;2,13424
2018-05-16;2,03004
2018-05-15;1,91363
2018-05-14;1,89945
2018-05-13;
2018-05-12;
2018-05-11;1,88313
2018-05-10;1,91913
2018-05-09;1,86726
2018-05-08;1,84578
2018-05-07;1,75031
2018-05-06;
2018-05-05;
2018-05-04;1,77306
2018-05-03;1,76077
2018-05-02;1,7688
2018-05-01;
2018-04-30;1,79216
2018-04-29;
2018-04-28;
2018-04-27;1,73573
2018-04-26;1,74935
2018-04-25;1,77071
2018-04-24;1,77909
2018-04-23;1,7943
2018-04-22;
2018-04-21;
2018-04-20;1,79839
2018-04-19;1,76079
2018-04-18;1,71249
2018-04-17;1,76396
2018-04-16;1,80997
2018-04-15;
2018-04-14;
2018-04-13;1,80732
2018-04-12;1,8055
2018-04-11;1,7677
2018-04-10;1,76777
2018-04-09;1,76783
2018-04-08;
2018-04-07;
2018-04-06;1,78342
2018-04-05;1,75085
2018-04-04;1,75376
2018-04-03;1,79599
2018-04-02;
2018-04-01;
2018-03-31;
2018-03-30;
2018-03-29;1,82833
2018-03-28;1,85966
2018-03-27;1,88483
2018-03-26;1,91719
2018-03-25;
2018-03-24;
2018-03-23;1,90614
2018-03-22;1,89372
2018-03-21;1,92131
2018-03-20;1,92618
2018-03-19;1,97612
2018-03-18;
2018-03-17;
2018-03-16;1,95285
2018-03-15;1,97719
2018-03-14;2,00007
2018-03-13;1,98892
2018-03-12;2,00729
2018-03-11;
2018-03-10;
2018-03-09;1,99089
2018-03-08;1,99563
2018-03-07;2,05349
2018-03-06;2,05349
2018-03-05;2,09145
2018-03-04;
2018-03-03;
2018-03-02;2,00006
2018-03-01;2,05008
2018-02-28;2,07152
2018-02-27;2,09704
2018-02-26;2,10473
2018-02-25;
2018-02-24;
2018-02-23;2,14983
2018-02-22;2,13305
2018-02-21;2,13298
2018-02-20;2,133
2018-02-19;2,12823
2018-02-18;
2018-02-17;
2018-02-16;2,10979
2018-02-15;2,15596
2018-02-14;2,14189
2018-02-13;2,13317
2018-02-12;2,126
2018-02-11;
2018-02-10;
2018-02-09;2,10602
2018-02-08;1,96032
2018-02-07;1,95021
2018-02-06;1,98584
2018-02-05;2,01683
2018-02-04;
2018-02-03;
2018-02-02;2,00104
2018-02-01;1,97823
2018-01-31;2,00392
2018-01-30;2,00113
2018-01-29;2,02954
2018-01-28;
2018-01-27;
2018-01-26;1,99072
2018-01-25;1,91474
2018-01-24;1,90829
2018-01-23;1,88194
2018-01-22;1,94718
2018-01-21;
2018-01-20;
2018-01-19;1,95449
2018-01-18;1,9995
2018-01-17;1,98478
2018-01-16;1,93924
2018-01-15;1,9905
2018-01-14;
2018-01-13;
2018-01-12;2,00043
2018-01-11;2,00394
2018-01-10;2,02985
2018-01-09;1,99315
2018-01-08;1,96865
2018-01-07;
2018-01-06;
2018-01-05;1,97912
2018-01-04;2,01182
2018-01-03;2,04006
2018-01-02;2,07927
2018-01-01;
2017-12-31;
2017-12-30;
2017-12-29;1,97889
2017-12-28;1,90562
2017-12-27;1,92211
2017-12-26;
2017-12-25;
2017-12-24;
2017-12-23;
2017-12-22;1,92364
2017-12-21;1,92747
2017-12-20;1,91126
2017-12-19;1,86343
2017-12-18;1,7908
2017-12-17;
2017-12-16;
2017-12-15;1,77368
2017-12-14;1,79396
2017-12-13;1,77634
2017-12-12;1,68575
2017-12-11;1,64354
2017-12-10;
2017-12-09;
2017-12-08;1,64675
2017-12-07;1,70826
2017-12-06;1,69682
2017-12-05;1,70521
2017-12-04;1,72286
2017-12-03;
2017-12-02;
2017-12-01;1,71939
2017-11-30;1,7616
2017-11-29;1,77268
2017-11-28;1,7747
2017-11-27;1,78223
2017-11-26;
2017-11-25;
2017-11-24;1,80252
2017-11-23;1,77162
2017-11-22;1,78686
2017-11-21;1,77924
2017-11-20;1,822
2017-11-19;
2017-11-18;
2017-11-17;1,8372
2017-11-16;1,84528
2017-11-15;1,80923
2017-11-14;1,81483
2017-11-13;1,81533
2017-11-12;
2017-11-11;
2017-11-10;1,82548
2017-11-09;1,77698
2017-11-08;1,72192
2017-11-07;1,71386
2017-11-06;1,76994
2017-11-05;
2017-11-04;
2017-11-03;1,78316
2017-11-02;1,79912
2017-11-01;
2017-10-31;1,83985
2017-10-30;1,88333
2017-10-29;
2017-10-28;
2017-10-27;1,93836
2017-10-26;1,96161
2017-10-25;2,04369
2017-10-24;2,03378
2017-10-23;2,03969
2017-10-22;
2017-10-21;
2017-10-20;2,03969
2017-10-19;2,0263
2017-10-18;2,01685
2017-10-17;2,01117
2017-10-16;2,03037
2017-10-15;
2017-10-14;
2017-10-13;2,07846
2017-10-12;2,13265
2017-10-11;2,17166
2017-10-10;2,14721
2017-10-09;2,14718
2017-10-08;
2017-10-07;
2017-10-06;2,22239
2017-10-05;2,21142
2017-10-04;2,23631
2017-10-03;2,21744
2017-10-02;2,19525
2017-10-01;
2017-09-30;
2017-09-29;2,15864
2017-09-28;2,22457
2017-09-27;2,1951
2017-09-26;2,18775
2017-09-25;2,15241
2017-09-24;
2017-09-23;
2017-09-22;2,15938
2017-09-21;2,09689
2017-09-20;2,09685
2017-09-19;2,1142
2017-09-18;2,09864
2017-09-17;
2017-09-16;
2017-09-15;2,13631
2017-09-14;2,11885
2017-09-13;2,09791
2017-09-12;2,0554
2017-09-11;2,0097
2017-09-10;
2017-09-09;
2017-09-08;2,02403
2017-09-07;2,04052
2017-09-06;2,0665
2017-09-05;2,05888
2017-09-04;2,10617
2017-09-03;
2017-09-02;
2017-09-01;2,10054
2017-08-31;2,11645
2017-08-30;2,13547
2017-08-29;2,15557
2017-08-28;2,15682
2017-08-27;
2017-08-26;
2017-08-25;2,20715
2017-08-24;2,20711
2017-08-23;2,20699
2017-08-22;2,15494
2017-08-21;2,06396
2017-08-20;
2017-08-19;
2017-08-18;2,07956
2017-08-17;2,07955
2017-08-16;2,07953
2017-08-15;
2017-08-14;2,08339
2017-08-13;
2017-08-12;
2017-08-11;2,09469
2017-08-10;2,05331
2017-08-09;2,05331
2017-08-08;2,05478
2017-08-07;2,05478
2017-08-06;
2017-08-05;
2017-08-04;2,06598
2017-08-03;2,09186
2017-08-02;2,07792
2017-08-01;2,14371
2017-07-31;2,16023
2017-07-30;
2017-07-29;
2017-07-28;2,19939
2017-07-27;2,15432
2017-07-26;2,17511
2017-07-25;2,15206
2017-07-24;2,10913
2017-07-23;
2017-07-22;
2017-07-21;2,14649
2017-07-20;2,19139
2017-07-19;2,2577
2017-07-18;2,27614
2017-07-17;2,32094
2017-07-16;
2017-07-15;
2017-07-14;2,32645
2017-07-13;2,33502
2017-07-12;2,30772
2017-07-11;2,3677
2017-07-10;2,34216
2017-07-09;
2017-07-08;
2017-07-07;2,35847
2017-07-06;2,27513
2017-07-05;2,18421
2017-07-04;2,10294
2017-07-03;2,11698
2017-07-02;
2017-07-01;
2017-06-30;2,15179
2017-06-29;2,12486
2017-06-28;2,05055
2017-06-27;1,97881
2017-06-26;1,87804
2017-06-25;
2017-06-24;
2017-06-23;1,89825
2017-06-22;1,87465
2017-06-21;1,90447
2017-06-20;1,9273
2017-06-19;1,94649
2017-06-18;
2017-06-17;
2017-06-16;1,96025
2017-06-15;1,99454
2017-06-14;1,93939
2017-06-13;1,98792
2017-06-12;2,00821
2017-06-11;
2017-06-10;
2017-06-09;2,09686
2017-06-08;2,1875
2017-06-07;2,27774
2017-06-06;2,24697
2017-06-05;2,26333
2017-06-04;
2017-06-03;
2017-06-02;2,24935
2017-06-01;2,22695
2017-05-31;2,15452
2017-05-30;2,19702
2017-05-29;2,16044
2017-05-28;
2017-05-27;
2017-05-26;2,10084
2017-05-25;2,10835
2017-05-24;2,11308
2017-05-23;2,1072
2017-05-22;2,12344
2017-05-21;
2017-05-20;
2017-05-19;2,11148
2017-05-18;2,14587
2017-05-17;2,15982
2017-05-16;2,23585
2017-05-15;2,25688
2017-05-14;
2017-05-13;
2017-05-12;2,25258
2017-05-11;2,28398
2017-05-10;2,25435
2017-05-09;2,27271
2017-05-08;2,20439
2017-05-07;
2017-05-06;
2017-05-05;2,18322
2017-05-04;2,26607
2017-05-03;2,26604
2017-05-02;2,3103
2017-05-01;
2017-04-30;
2017-04-29;
2017-04-28;2,26149
2017-04-27;2,30504
2017-04-26;2,28645
2017-04-25;2,23777
2017-04-24;2,18708
2017-04-23;
2017-04-22;
2017-04-21;2,25055
2017-04-20;2,27891
2017-04-19;2,24354
2017-04-18;2,258
2017-04-17;
2017-04-16;
2017-04-15;
2017-04-14;
2017-04-13;2,25799
2017-04-12;2,25708
2017-04-11;2,25704
2017-04-10;2,24259
2017-04-09;
2017-04-08;
2017-04-07;2,18968
2017-04-06;2,26437
2017-04-05;2,25901
2017-04-04;2,259
2017-04-03;2,33137
2017-04-02;
2017-04-01;
2017-03-31;2,30055
2017-03-30;2,29275
2017-03-29;2,31544
2017-03-28;2,32591
2017-03-27;2,38742
2017-03-26;
2017-03-25;
2017-03-24;2,43263
2017-03-23;2,40947
2017-03-22;2,45592
2017-03-21;2,49735
2017-03-20;2,54094
2017-03-19;
2017-03-18;
2017-03-17;2,55047
2017-03-16;2,47412
2017-03-15;2,44711
2017-03-14;2,55237
2017-03-13;2,49035
2017-03-12;
2017-03-11;
2017-03-10;2,476
2017-03-09;2,40114
2017-03-08;2,40114
2017-03-07;2,32825
2017-03-06;2,2813
2017-03-05;
2017-03-04;
2017-03-03;2,28121
2017-03-02;2,29232
2017-03-01;2,28259
2017-02-28;2,264
2017-02-27;2,31093
2017-02-26;
2017-02-25;
2017-02-24;2,35859
2017-02-23;2,37879
2017-02-22;2,38437
2017-02-21;2,37813
2017-02-20;2,35671
2017-02-19;
2017-02-18;
2017-02-17;2,31254
2017-02-16;2,32579
2017-02-15;2,39164
2017-02-14;2,35763
2017-02-13;2,40797
2017-02-12;
2017-02-11;
2017-02-10;2,37448
2017-02-09;2,30501
2017-02-08;2,38912
2017-02-07;2,41597
2017-02-06;2,43993
2017-02-05;
2017-02-04;
2017-02-03;2,34345
2017-02-02;2,27051
2017-02-01;2,27275
2017-01-31;2,27248
2017-01-30;2,31284
2017-01-29;
2017-01-28;
2017-01-27;2,22529
2017-01-26;2,20117
2017-01-25;2,06867
2017-01-24;1,9954
2017-01-23;2,03765
2017-01-22;
2017-01-21;
2017-01-20;2,00555
2017-01-19;1,97564
2017-01-18;1,91158
2017-01-17;1,86472
2017-01-16;1,90324
2017-01-15;
2017-01-14;
2017-01-13;1,90371
2017-01-12;1,92799
2017-01-11;1,92747
2017-01-10;1,90969
2017-01-09;1,90381
2017-01-08;
2017-01-07;
2017-01-06;1,98531
2017-01-05;1,98513
2017-01-04;1,86484
2017-01-03;1,82048
2017-01-02;1,80086
2017-01-01;
2016-12-31;
2016-12-30;1,80072
2016-12-29;1,80058
2016-12-28;1,81589
2016-12-27;1,83711
2016-12-26;
2016-12-25;
2016-12-24;
2016-12-23;1,81286
2016-12-22;1,82691
2016-12-21;1,80986
2016-12-20;1,87776
2016-12-19;1,84112
2016-12-18;
2016-12-17;
2016-12-16;1,81901
2016-12-15;1,84557
2016-12-14;1,81947
2016-12-13;1,9148
2016-12-12;2,00589
2016-12-11;
2016-12-10;
2016-12-09;2,03839
2016-12-08;1,96173
2016-12-07;1,88673
2016-12-06;1,94743
2016-12-05;1,97227
2016-12-04;
2016-12-03;
2016-12-02;1,98683
2016-12-01;1,98891
2016-11-30;1,95757
2016-11-29;2,0119
2016-11-28;2,0769
2016-11-27;
2016-11-26;
2016-11-25;2,09557
2016-11-24;2,07623
2016-11-23;2,10673
2016-11-22;1,97862
2016-11-21;2,07138
2016-11-20;
2016-11-19;
2016-11-18;2,07117
2016-11-17;2,01614
2016-11-16;2,02967
2016-11-15;1,98079
2016-11-14;2,14804
2016-11-13;
2016-11-12;
2016-11-11;2,00337
2016-11-10;1,88641
2016-11-09;1,76101
2016-11-08;1,69674
2016-11-07;1,73178
2016-11-06;
2016-11-05;
2016-11-04;1,73516
2016-11-03;1,69075
2016-11-02;1,67236
2016-11-01;
2016-10-31;1,66705
2016-10-30;
2016-10-29;
2016-10-28;1,66062
2016-10-27;1,57232
2016-10-26;1,49205
2016-10-25;1,43302
2016-10-24;1,41515
2016-10-23;
2016-10-22;
2016-10-21;1,42125
2016-10-20;1,44497
2016-10-19;1,4346
2016-10-18;1,44954
2016-10-17;1,46909
2016-10-16;
2016-10-15;
2016-10-14;1,44074
2016-10-13;1,42833
2016-10-12;1,45712
2016-10-11;1,42849
2016-10-10;1,44097
2016-10-09;
2016-10-08;
2016-10-07;1,41788
2016-10-06;1,40782
2016-10-05;1,37453
2016-10-04;1,31239
2016-10-03;1,29193
2016-10-02;
2016-10-01;
2016-09-30;1,24614
2016-09-29;1,24627
2016-09-28;1,26169
2016-09-27;1,2696
2016-09-26;1,26003
2016-09-25;
2016-09-24;
2016-09-23;1,26002
2016-09-22;1,24581
2016-09-21;1,31223
2016-09-20;1,3082
2016-09-19;1,36086
2016-09-18;
2016-09-17;
2016-09-16;1,3722
2016-09-15;1,37209
2016-09-14;1,35684
2016-09-13;1,30699
2016-09-12;1,33334
2016-09-11;
2016-09-10;
2016-09-09;1,25558
2016-09-08;1,15738
2016-09-07;1,13587
2016-09-06;1,16899
2016-09-05;1,19557
2016-09-04;
2016-09-03;
2016-09-02;1,22275
2016-09-01;1,20483
2016-08-31;1,16948
2016-08-30;1,17247
2016-08-29;1,18151
2016-08-28;
2016-08-27;
2016-08-26;1,1676
2016-08-25;1,19604
2016-08-24;1,18554
2016-08-23;1,18497
2016-08-22;1,15254
2016-08-21;
2016-08-20;
2016-08-19;1,15221
2016-08-18;1,14086
2016-08-17;1,15907
2016-08-16;1,12675
2016-08-15;
2016-08-14;
2016-08-13;
2016-08-12;1,11181
2016-08-11;1,11778
2016-08-10;1,14621
2016-08-09;1,16745
2016-08-08;1,18768
2016-08-07;
2016-08-06;
2016-08-05;1,20527
2016-08-04;1,21051
2016-08-03;1,2651
2016-08-02;1,26015
2016-08-01;1,21878
2016-07-31;
2016-07-30;
2016-07-29;1,17793
2016-07-28;1,2049
2016-07-27;1,23168
2016-07-26;1,23645
2016-07-25;1,2503
2016-07-24;
2016-07-23;
2016-07-22;1,26021
2016-07-21;1,25574
2016-07-20;1,25264
2016-07-19;1,25291
2016-07-18;1,22833
2016-07-17;
2016-07-16;
2016-07-15;1,21154
2016-07-14;1,19494
2016-07-13;1,21241
2016-07-12;1,18906
2016-07-11;1,18564
2016-07-10;
2016-07-09;
2016-07-08;1,1997
2016-07-07;1,25527
2016-07-06;1,23399
2016-07-05;1,26407
2016-07-04;1,24657
2016-07-03;
2016-07-02;
2016-07-01;1,22746
2016-06-30;1,39396
2016-06-29;1,38157
2016-06-28;1,43114
2016-06-27;1,5155
2016-06-26;
2016-06-25;
2016-06-24;1,5412
2016-06-23;1,40628
2016-06-22;1,42764
2016-06-21;1,45346
2016-06-20;1,46213
2016-06-19;
2016-06-18;
2016-06-17;1,49806
2016-06-16;1,55025
2016-06-15;1,46692
2016-06-14;1,48905
2016-06-13;1,45814
2016-06-12;
2016-06-11;
2016-06-10;1,39419
2016-06-09;1,36484
2016-06-08;1,39977
2016-06-07;1,42931
2016-06-06;1,47149
2016-06-05;
2016-06-04;
2016-06-03;1,48965
2016-06-02;1,48968
2016-06-01;1,46195
2016-05-31;1,45917
2016-05-30;1,45547
2016-05-29;
2016-05-28;
2016-05-27;1,43279
2016-05-26;1,44905
2016-05-25;1,44909
2016-05-24;1,50222
2016-05-23;1,55127
2016-05-22;
2016-05-21;
2016-05-20;1,55128
2016-05-19;1,57905
2016-05-18;1,52677
2016-05-17;1,53762
2016-05-16;1,55489
2016-05-15;
2016-05-14;
2016-05-13;1,55887
2016-05-12;1,57403
2016-05-11;1,55852
2016-05-10;1,53201
2016-05-09;1,53203
2016-05-08;
2016-05-07;
2016-05-06;1,55509
2016-05-05;1,57395
2016-05-04;1,55846
2016-05-03;1,53775
2016-05-02;1,54971
2016-05-01;
2016-04-30;
2016-04-29;1,54972
2016-04-28;1,55086
2016-04-27;1,56441
2016-04-26;1,61858
2016-04-25;1,53328
2016-04-24;
2016-04-23;
2016-04-22;1,5333
2016-04-21;1,52179
2016-04-20;1,46344
2016-04-19;1,45786
2016-04-18;1,41782
2016-04-17;
2016-04-16;
2016-04-15;1,41787
2016-04-14;1,42433
2016-04-13;1,37669
2016-04-12;1,43507
2016-04-11;1,38219
2016-04-10;
2016-04-09;
2016-04-08;1,40492
2016-04-07;1,3809
2016-04-06;1,3455
2016-04-05;1,30921
2016-04-04;1,3042
2016-04-03;
2016-04-02;
2016-04-01;1,28517
2016-03-31;1,279
2016-03-30;1,28325
2016-03-29;1,30955
2016-03-28;
2016-03-27;
2016-03-26;
2016-03-25;
2016-03-24;1,34203
2016-03-23;1,34733
2016-03-22;1,30247
2016-03-21;1,30597
2016-03-20;
2016-03-19;
2016-03-18;1,29668
2016-03-17;1,32591
2016-03-16;1,37198
2016-03-15;1,37006
2016-03-14;1,33668
2016-03-13;
2016-03-12;
2016-03-11;1,38379
2016-03-10;1,39538
2016-03-09;1,46597
2016-03-08;1,46607
2016-03-07;1,46822
2016-03-06;
2016-03-05;
2016-03-04;1,48305
2016-03-03;1,46618
2016-03-02;1,45146
2016-03-01;1,42739
2016-02-29;1,4672
2016-02-28;
2016-02-27;
2016-02-26;1,47817
2016-02-25;1,51847
2016-02-24;1,53711
2016-02-23;1,54291
2016-02-22;1,52888
2016-02-21;
2016-02-20;
2016-02-19;1,53879
2016-02-18;1,5607
2016-02-17;1,61659
2016-02-16;1,60921
2016-02-15;1,58526
2016-02-14;
2016-02-13;
2016-02-12;1,67861
2016-02-11;1,68531
2016-02-10;1,59759
2016-02-09;1,70769
2016-02-08;1,64834
2016-02-07;
2016-02-06;
2016-02-05;1,56324
2016-02-04;1,49188
2016-02-03;1,46938
2016-02-02;1,45152
2016-02-01;1,45166
2016-01-31;
2016-01-30;
2016-01-29;1,44108
2016-01-28;1,48202
2016-01-27;1,47785
2016-01-26;1,53644
2016-01-25;1,5517
2016-01-24;
2016-01-23;
2016-01-22;1,55181
2016-01-21;1,56708
2016-01-20;1,6455
2016-01-19;1,56969
2016-01-18;1,56007
2016-01-17;
2016-01-16;
2016-01-15;1,51273
2016-01-14;1,54086
2016-01-13;1,57987
2016-01-12;1,61162
2016-01-11;1,55222
2016-01-10;
2016-01-09;
2016-01-08;1,5179
2016-01-07;1,4805
2016-01-06;1,46567
2016-01-05;1,50136
2016-01-04;1,54011
2016-01-03;
2016-01-02;
2016-01-01;
2015-12-31;
2015-12-30;1,62177
2015-12-29;1,6338
2015-12-28;1,63567
2015-12-27;
2015-12-26;
2015-12-25;
2015-12-24;
2015-12-23;1,65497
2015-12-22;1,56215
2015-12-21;1,56403
2015-12-20;
2015-12-19;
2015-12-18;1,56224
2015-12-17;1,62587
2015-12-16;1,68881
2015-12-15;1,68905
2015-12-14;1,58759
2015-12-13;
2015-12-12;
2015-12-11;1,52879
2015-12-10;1,54387
2015-12-09;1,53223
2015-12-08;1,55181
2015-12-07;1,61841
2015-12-06;
2015-12-05;
2015-12-04;1,63035
2015-12-03;1,53401
2015-12-02;1,38398
2015-12-01;1,42331
2015-11-30;1,42241
2015-11-29;
2015-11-28;
2015-11-27;1,39734
2015-11-26;1,43533
2015-11-25;1,45549
2015-11-24;1,49076
2015-11-23;1,5248
2015-11-22;
2015-11-21;
2015-11-20;1,48361
2015-11-19;1,50913
2015-11-18;1,53577
2015-11-17;1,56588
2015-11-16;1,5905
2015-11-15;
2015-11-14;
2015-11-13;1,57354
2015-11-12;1,6174
2015-11-11;1,64427
2015-11-10;1,70151
2015-11-09;1,78494
2015-11-08;
2015-11-07;
2015-11-06;1,69627
2015-11-05;1,67054
2015-11-04;1,61924
2015-11-03;1,64409
2015-11-02;1,61109
2015-11-01;
2015-10-31;
2015-10-30;1,58777
2015-10-29;1,52645
2015-10-28;1,51181
2015-10-27;1,54064
2015-10-26;1,58415
2015-10-25;
2015-10-24;
2015-10-23;1,58849
2015-10-22;1,6226
2015-10-21;1,73295
2015-10-20;1,7224
2015-10-19;1,71066
2015-10-18;
2015-10-17;
2015-10-16;1,71073
2015-10-15;1,73228
2015-10-14;1,73665
2015-10-13;1,75729
2015-10-12;1,77351
2015-10-11;
2015-10-10;
2015-10-09;1,78328
2015-10-08;1,7747
2015-10-07;1,79958
2015-10-06;1,79218
2015-10-05;1,73202
2015-10-04;
2015-10-03;
2015-10-02;1,79444
2015-10-01;1,79881
2015-09-30;1,80857
2015-09-29;1,85306
2015-09-28;1,85527
2015-09-27;
2015-09-26;
2015-09-25;1,86724
2015-09-24;1,82721
2015-09-23;1,82726
2015-09-22;1,87392
2015-09-21;1,87829
2015-09-20;
2015-09-19;
2015-09-18;1,89243
2015-09-17;2,00499
2015-09-16;1,9984
2015-09-15;1,93281
2015-09-14;1,91433
2015-09-13;
2015-09-12;
2015-09-11;1,91435
2015-09-10;1,9122
2015-09-09;1,91223
2015-09-08;1,92099
2015-09-07;1,96674
2015-09-06;
2015-09-05;
2015-09-04;1,96348
2015-09-03;2,02256
2015-09-02;2,06324
2015-09-01;2,03353
2015-08-31;1,90891
2015-08-30;
2015-08-29;
2015-08-28;1,903
2015-08-27;1,92846
2015-08-26;1,97148
2015-08-25;1,92336
2015-08-24;1,89658
2015-08-23;
2015-08-22;
2015-08-21;1,86065
2015-08-20;1,78474
2015-08-19;1,80298
2015-08-18;1,7753
2015-08-17;1,75698
2015-08-16;
2015-08-15;
2015-08-14;1,77288
2015-08-13;1,8048
2015-08-12;1,78072
2015-08-11;1,7748
2015-08-10;1,82501
2015-08-09;
2015-08-08;
2015-08-07;1,8743
2015-08-06;1,86845
2015-08-05;1,86951
2015-08-04;1,75385
2015-08-03;1,7731
2015-08-02;
2015-08-01;
2015-07-31;1,80721
2015-07-30;1,87238
2015-07-29;1,88608
2015-07-28;1,872
2015-07-27;1,88339
2015-07-26;
2015-07-25;
2015-07-24;1,86379
2015-07-23;1,90733
2015-07-22;1,96029
2015-07-21;1,91841
2015-07-20;1,88614
2015-07-19;
2015-07-18;
2015-07-17;1,9574
2015-07-16;2,00359
2015-07-15;2,00346
2015-07-14;2,09275
2015-07-13;2,13128
2015-07-12;
2015-07-11;
2015-07-10;2,07843
2015-07-09;2,18158
2015-07-08;2,19557
2015-07-07;2,29354
2015-07-06;2,29453
2015-07-05;
2015-07-04;
2015-07-03;2,29433
2015-07-02;2,30725
2015-07-01;2,27844
2015-06-30;2,39027
2015-06-29;2,32293
2015-06-28;
2015-06-27;
2015-06-26;2,12069
2015-06-25;2,15567
2015-06-24;2,12623
2015-06-23;2,10474
2015-06-22;2,15484
2015-06-21;
2015-06-20;
2015-06-19;2,28795
2015-06-18;2,2664
2015-06-17;2,27806
2015-06-16;2,29645
2015-06-15;2,33192
2015-06-14;
2015-06-13;
2015-06-12;2,21098
2015-06-11;2,1102
2015-06-10;2,33844
2015-06-09;2,24539
2015-06-08;2,2452
2015-06-07;
2015-06-06;
2015-06-05;2,18862
2015-06-04;2,18844
2015-06-03;2,0742
2015-06-02;2,0576
2015-06-01;1,88708
2015-05-31;
2015-05-30;
2015-05-29;1,83726
2015-05-28;1,86426
2015-05-27;1,92651
2015-05-26;1,9103
2015-05-25;1,82327
2015-05-24;
2015-05-23;
2015-05-22;1,82319
2015-05-21;1,86137
2015-05-20;1,79836
2015-05-19;1,81382
2015-05-18;1,87784
2015-05-17;
2015-05-16;
2015-05-15;1,79017
2015-05-14;1,89459
2015-05-13;1,80456
2015-05-12;1,84916
2015-05-11;1,72968
2015-05-10;
2015-05-09;
2015-05-08;1,73295
2015-05-07;1,86689
2015-05-06;1,84658
2015-05-05;1,68847
2015-05-04;1,50292
2015-05-03;
2015-05-02;
2015-05-01;
2015-04-30;1,49752
2015-04-29;1,4362
2015-04-28;1,36573
2015-04-27;1,43523
2015-04-26;
2015-04-25;
2015-04-24;1,40852
2015-04-23;1,39681
2015-04-22;1,41498
2015-04-21;1,47821
2015-04-20;1,46427
2015-04-19;
2015-04-18;
2015-04-17;1,45464
2015-04-16;1,34714
2015-04-15;1,30285
2015-04-14;1,28513
2015-04-13;1,27574
2015-04-12;
2015-04-11;
2015-04-10;1,26009
2015-04-09;1,26853
2015-04-08;1,232
2015-04-07;1,28763
2015-04-06;
2015-04-05;
2015-04-04;
2015-04-03;
2015-04-02;1,28769
2015-04-01;1,24904
2015-03-31;1,29828
2015-03-30;1,3743
2015-03-29;
2015-03-28;
2015-03-27;1,36484
2015-03-26;1,37437
2015-03-25;1,36069
2015-03-24;1,32297
2015-03-23;1,28847
2015-03-22;
2015-03-21;
2015-03-20;1,23853
2015-03-19;1,29485
2015-03-18;1,35991
2015-03-17;1,23576
2015-03-16;1,17587
2015-03-15;
2015-03-14;
2015-03-13;1,17184
2015-03-12;1,10322
2015-03-11;1,18643
2015-03-10;1,2549
2015-03-09;1,30593
2015-03-08;
2015-03-07;
2015-03-06;1,29661
2015-03-05;1,36461
2015-03-04;1,3909
2015-03-03;1,37944
2015-03-02;1,33028
2015-03-01;
2015-02-28;
2015-02-27;1,32648
2015-02-26;1,35286
2015-02-25;1,44653
2015-02-24;1,45892
2015-02-23;1,49828
2015-02-22;
2015-02-21;
2015-02-20;1,57184
2015-02-19;1,58595
2015-02-18;1,61611
2015-02-17;1,63499
2015-02-16;1,63629
2015-02-15;
2015-02-14;
2015-02-13;1,59054
2015-02-12;1,65388
2015-02-11;1,66053
2015-02-10;1,64617
2015-02-09;1,62499
2015-02-08;
2015-02-07;
2015-02-06;1,57195
2015-02-05;1,54884
2015-02-04;1,55756
2015-02-03;1,56145
2015-02-02;1,59247
2015-02-01;
2015-01-31;
2015-01-30;1,58632
2015-01-29;1,63338
2015-01-28;1,60379
2015-01-27;1,51983
2015-01-26;1,5264
2015-01-25;
2015-01-24;
2015-01-23;1,47516
2015-01-22;1,62215
2015-01-21;1,69495
2015-01-20;1,65817
2015-01-19;1,65518
2015-01-18;
2015-01-17;
2015-01-16;1,66819
2015-01-15;1,7251
2015-01-14;1,73818
2015-01-13;1,77748
2015-01-12;1,84687
2015-01-11;
2015-01-10;
2015-01-09;1,8492
2015-01-08;1,8885
2015-01-07;1,88757
2015-01-06;1,81002
2015-01-05;1,78326
2015-01-04;
2015-01-03;
2015-01-02;1,79528
2015-01-01;
2014-12-31;
2014-12-30;1,91757
2014-12-29;1,99915