CÓDIGO DE LA SERIE;DPUG0B1F0ZP;
NÚMERO SECUENCIAL;905796;
ALIAS DE LA SERIE;SI_1_2.4;
DESCRIPCIÓN DE LA SERIE;Tipo de interés. Mercados de deuda pública. Bonos y obligaciones del Estado no segregados. Conjunto del mercado. Oper. simples al contado. A 10 años;
DESCRIPCIÓN DE LAS UNIDADES;Porcentaje;
FRECUENCIA;LABORABLE;
31 DIC 2014;1,610;
01 ENE 2015;-;
02 ENE 2015;1,540;
05 ENE 2015;1,541;
06 ENE 2015;1,582;
07 ENE 2015;1,628;
08 ENE 2015;1,695;
09 ENE 2015;1,701;
12 ENE 2015;1,674;
13 ENE 2015;1,599;
14 ENE 2015;1,607;
15 ENE 2015;1,565;
16 ENE 2015;1,509;
19 ENE 2015;1,493;
20 ENE 2015;1,513;
21 ENE 2015;1,527;
22 ENE 2015;1,560;
23 ENE 2015;1,349;
26 ENE 2015;1,437;
27 ENE 2015;1,408;
28 ENE 2015;1,485;
29 ENE 2015;1,494;
30 ENE 2015;1,477;
02 FEB 2015;1,479;
03 FEB 2015;1,493;
04 FEB 2015;1,488;
05 FEB 2015;1,490;
06 FEB 2015;1,479;
09 FEB 2015;1,577;
10 FEB 2015;1,629;
11 FEB 2015;1,634;
12 FEB 2015;1,638;
13 FEB 2015;1,575;
16 FEB 2015;1,581;
17 FEB 2015;1,600;
18 FEB 2015;1,603;
19 FEB 2015;1,573;
20 FEB 2015;1,555;
23 FEB 2015;1,447;
24 FEB 2015;1,408;
25 FEB 2015;1,404;
26 FEB 2015;1,317;
27 FEB 2015;1,292;
02 MAR 2015;1,254;
03 MAR 2015;1,313;
04 MAR 2015;1,346;
05 MAR 2015;1,300;
06 MAR 2015;1,230;
09 MAR 2015;1,275;
10 MAR 2015;1,231;
11 MAR 2015;1,196;
12 MAR 2015;1,050;
13 MAR 2015;1,155;
16 MAR 2015;1,103;
17 MAR 2015;1,158;
18 MAR 2015;1,205;
19 MAR 2015;1,220;
20 MAR 2015;1,187;
23 MAR 2015;1,176;
24 MAR 2015;1,240;
25 MAR 2015;1,272;
26 MAR 2015;1,295;
27 MAR 2015;1,278;
30 MAR 2015;1,283;
31 MAR 2015;1,201;
01 ABR 2015;1,192;
02 ABR 2015;1,213;
03 ABR 2015;-;
06 ABR 2015;-;
07 ABR 2015;1,142;
08 ABR 2015;1,163;
09 ABR 2015;1,209;
10 ABR 2015;1,210;
13 ABR 2015;1,246;
14 ABR 2015;1,254;
15 ABR 2015;1,288;
16 ABR 2015;1,309;
17 ABR 2015;1,390;
20 ABR 2015;1,420;
21 ABR 2015;1,453;
22 ABR 2015;1,434;
23 ABR 2015;1,372;
24 ABR 2015;1,359;
27 ABR 2015;1,388;
28 ABR 2015;1,280;
29 ABR 2015;1,397;
30 ABR 2015;1,536;
01 MAY 2015;-;
04 MAY 2015;1,484;
05 MAY 2015;1,594;
06 MAY 2015;1,805;
07 MAY 2015;1,857;
08 MAY 2015;1,722;
11 MAY 2015;1,713;
12 MAY 2015;1,809;
13 MAY 2015;1,668;
14 MAY 2015;1,865;
15 MAY 2015;1,782;
18 MAY 2015;1,829;
19 MAY 2015;1,760;
20 MAY 2015;1,763;
21 MAY 2015;1,802;
22 MAY 2015;1,757;
25 MAY 2015;-;
26 MAY 2015;1,861;
27 MAY 2015;1,864;
28 MAY 2015;1,841;
29 MAY 2015;1,866;
01 JUN 2015;1,882;
02 JUN 2015;2,011;
03 JUN 2015;2,024;
04 JUN 2015;2,190;
05 JUN 2015;2,215;
08 JUN 2015;2,278;
09 JUN 2015;2,261;
10 JUN 2015;2,372;
11 JUN 2015;2,284;
12 JUN 2015;2,264;
15 JUN 2015;2,404;
16 JUN 2015;2,454;
17 JUN 2015;2,345;
18 JUN 2015;2,324;
19 JUN 2015;2,313;
22 JUN 2015;2,205;
23 JUN 2015;2,096;
24 JUN 2015;2,177;
25 JUN 2015;2,206;
26 JUN 2015;2,124;
29 JUN 2015;2,325;
30 JUN 2015;2,393;
01 JUL 2015;2,216;
02 JUL 2015;2,332;
03 JUL 2015;2,268;
06 JUL 2015;2,342;
07 JUL 2015;2,359;
08 JUL 2015;2,235;
09 JUL 2015;2,208;
10 JUL 2015;2,063;
13 JUL 2015;2,163;
14 JUL 2015;2,179;
15 JUL 2015;2,112;
16 JUL 2015;2,060;
17 JUL 2015;1,994;
20 JUL 2015;1,922;
21 JUL 2015;1,945;
22 JUL 2015;2,072;
23 JUL 2015;2,006;
24 JUL 2015;1,985;
27 JUL 2015;1,995;
28 JUL 2015;1,953;
29 JUL 2015;1,966;
30 JUL 2015;2,006;
31 JUL 2015;1,935;
03 AGO 2015;1,903;
04 AGO 2015;1,906;
05 AGO 2015;1,966;
06 AGO 2015;1,993;
07 AGO 2015;2,014;
10 AGO 2015;1,963;
11 AGO 2015;1,913;
12 AGO 2015;1,891;
13 AGO 2015;1,959;
14 AGO 2015;1,922;
17 AGO 2015;1,932;
18 AGO 2015;1,939;
19 AGO 2015;1,965;
20 AGO 2015;1,935;
21 AGO 2015;1,992;
24 AGO 2015;1,996;
25 AGO 2015;2,054;
26 AGO 2015;2,092;
27 AGO 2015;2,061;
28 AGO 2015;1,903;
31 AGO 2015;1,646;
01 SEP 2015;2,079;
02 SEP 2015;2,088;
03 SEP 2015;2,121;
04 SEP 2015;2,039;
07 SEP 2015;2,081;
08 SEP 2015;2,097;
09 SEP 2015;2,057;
10 SEP 2015;2,050;
11 SEP 2015;2,088;
14 SEP 2015;2,104;
15 SEP 2015;2,067;
16 SEP 2015;2,070;
17 SEP 2015;2,117;
18 SEP 2015;2,003;
21 SEP 2015;1,954;
22 SEP 2015;1,976;
23 SEP 2015;2,018;
24 SEP 2015;1,923;
25 SEP 2015;2,012;
28 SEP 2015;1,957;
29 SEP 2015;1,903;
30 SEP 2015;1,873;
01 OCT 2015;1,853;
02 OCT 2015;1,800;
05 OCT 2015;1,767;
06 OCT 2015;1,809;
07 OCT 2015;1,811;
08 OCT 2015;1,833;
09 OCT 2015;1,795;
12 OCT 2015;1,784;
13 OCT 2015;1,770;
14 OCT 2015;1,759;
15 OCT 2015;1,788;
16 OCT 2015;1,755;
19 OCT 2015;1,773;
20 OCT 2015;1,767;
21 OCT 2015;1,737;
22 OCT 2015;1,719;
23 OCT 2015;1,550;
26 OCT 2015;1,602;
27 OCT 2015;1,578;
28 OCT 2015;1,551;
29 OCT 2015;1,582;
30 OCT 2015;1,637;
02 NOV 2015;1,740;
03 NOV 2015;1,716;
04 NOV 2015;1,700;
05 NOV 2015;1,754;
06 NOV 2015;1,859;
09 NOV 2015;1,954;
10 NOV 2015;1,970;
11 NOV 2015;1,858;
12 NOV 2015;1,829;
13 NOV 2015;1,808;
16 NOV 2015;1,804;
17 NOV 2015;1,772;
18 NOV 2015;1,760;
19 NOV 2015;1,679;
20 NOV 2015;1,626;
23 NOV 2015;1,658;
24 NOV 2015;1,620;
25 NOV 2015;1,566;
26 NOV 2015;1,566;
27 NOV 2015;1,530;
30 NOV 2015;1,512;
01 DIC 2015;1,520;
02 DIC 2015;1,477;
03 DIC 2015;1,489;
04 DIC 2015;1,736;
07 DIC 2015;1,669;
08 DIC 2015;1,625;
09 DIC 2015;1,587;
10 DIC 2015;1,608;
11 DIC 2015;1,582;
14 DIC 2015;1,623;
15 DIC 2015;1,749;
16 DIC 2015;1,763;
17 DIC 2015;1,715;
18 DIC 2015;1,716;
21 DIC 2015;1,789;
22 DIC 2015;1,778;
23 DIC 2015;1,786;
24 DIC 2015;1,849;
25 DIC 2015;-;
28 DIC 2015;1,781;
29 DIC 2015;1,791;
30 DIC 2015;1,765;
31 DIC 2015;-;
01 ENE 2016;-;
04 ENE 2016;1,701;
05 ENE 2016;1,668;
06 ENE 2016;1,683;
07 ENE 2016;1,676;
08 ENE 2016;1,727;
11 ENE 2016;1,746;
12 ENE 2016;1,828;
13 ENE 2016;1,803;
14 ENE 2016;1,824;
15 ENE 2016;1,766;
18 ENE 2016;1,769;
19 ENE 2016;1,771;
20 ENE 2016;1,748;
21 ENE 2016;1,820;
22 ENE 2016;1,719;
25 ENE 2016;1,707;
26 ENE 2016;1,733;
27 ENE 2016;1,640;
28 ENE 2016;1,626;
29 ENE 2016;1,604;
01 FEB 2016;1,597;
02 FEB 2016;1,630;
03 FEB 2016;1,656;
04 FEB 2016;1,679;
05 FEB 2016;1,687;
08 FEB 2016;1,768;
09 FEB 2016;1,860;
10 FEB 2016;1,732;
11 FEB 2016;1,855;
12 FEB 2016;1,778;
15 FEB 2016;1,722;
16 FEB 2016;1,802;
17 FEB 2016;1,791;
18 FEB 2016;1,762;
19 FEB 2016;1,740;
22 FEB 2016;1,756;
23 FEB 2016;1,712;
24 FEB 2016;1,664;
25 FEB 2016;1,633;
26 FEB 2016;1,660;
29 FEB 2016;1,710;
01 MAR 2016;1,591;
02 MAR 2016;1,527;
03 MAR 2016;1,711;
04 MAR 2016;1,632;
07 MAR 2016;1,669;
08 MAR 2016;1,635;
09 MAR 2016;1,648;
10 MAR 2016;1,601;
11 MAR 2016;1,555;
14 MAR 2016;1,535;
15 MAR 2016;1,533;
16 MAR 2016;1,562;
17 MAR 2016;1,517;
18 MAR 2016;1,551;
21 MAR 2016;1,504;
22 MAR 2016;1,494;
23 MAR 2016;1,576;
24 MAR 2016;1,486;
25 MAR 2016;-;
28 MAR 2016;-;
29 MAR 2016;1,432;
30 MAR 2016;1,419;
31 MAR 2016;1,388;
01 ABR 2016;1,398;
04 ABR 2016;1,384;
05 ABR 2016;1,457;
06 ABR 2016;1,399;
07 ABR 2016;1,561;
08 ABR 2016;1,521;
11 ABR 2016;1,462;
12 ABR 2016;1,521;
13 ABR 2016;1,519;
14 ABR 2016;1,469;
15 ABR 2016;1,490;
18 ABR 2016;1,485;
19 ABR 2016;1,482;
20 ABR 2016;1,532;
21 ABR 2016;1,575;
22 ABR 2016;1,576;
25 ABR 2016;1,622;
26 ABR 2016;1,594;
27 ABR 2016;1,586;
28 ABR 2016;1,604;
29 ABR 2016;1,547;
02 MAY 2016;1,595;
03 MAY 2016;1,586;
04 MAY 2016;1,519;
05 MAY 2016;1,609;
06 MAY 2016;1,601;
09 MAY 2016;1,592;
10 MAY 2016;1,570;
11 MAY 2016;1,612;
12 MAY 2016;1,592;
13 MAY 2016;1,622;
16 MAY 2016;1,591;
17 MAY 2016;1,592;
18 MAY 2016;1,588;
19 MAY 2016;1,615;
20 MAY 2016;1,580;
23 MAY 2016;1,571;
24 MAY 2016;1,507;
25 MAY 2016;1,523;
26 MAY 2016;1,515;
27 MAY 2016;1,483;
30 MAY 2016;1,506;
31 MAY 2016;1,494;
01 JUN 2016;1,508;
02 JUN 2016;1,508;
03 JUN 2016;1,484;
06 JUN 2016;1,497;
07 JUN 2016;1,485;
08 JUN 2016;1,439;
09 JUN 2016;1,403;
10 JUN 2016;1,433;
13 JUN 2016;1,478;
14 JUN 2016;1,536;
15 JUN 2016;1,528;
16 JUN 2016;1,600;
17 JUN 2016;1,558;
20 JUN 2016;1,498;
21 JUN 2016;1,520;
22 JUN 2016;1,497;
23 JUN 2016;1,565;
24 JUN 2016;1,616;
27 JUN 2016;1,510;
28 JUN 2016;1,358;
29 JUN 2016;1,289;
30 JUN 2016;1,249;
01 JUL 2016;1,202;
04 JUL 2016;1,168;
05 JUL 2016;1,185;
06 JUL 2016;1,165;
07 JUL 2016;1,199;
08 JUL 2016;1,156;
11 JUL 2016;1,145;
12 JUL 2016;1,158;
13 JUL 2016;1,159;
14 JUL 2016;1,141;
15 JUL 2016;1,228;
18 JUL 2016;1,282;
19 JUL 2016;1,212;
20 JUL 2016;1,167;
21 JUL 2016;1,140;
22 JUL 2016;1,197;
25 JUL 2016;1,118;
26 JUL 2016;1,114;
27 JUL 2016;1,132;
28 JUL 2016;1,158;
29 JUL 2016;1,125;
01 AGO 2016;1,015;
02 AGO 2016;1,099;
03 AGO 2016;1,122;
04 AGO 2016;1,073;
05 AGO 2016;1,041;
08 AGO 2016;1,039;
09 AGO 2016;0,935;
10 AGO 2016;1,016;
11 AGO 2016;1,011;
12 AGO 2016;1,012;
15 AGO 2016;1,107;
16 AGO 2016;0,966;
17 AGO 2016;1,054;
18 AGO 2016;0,964;
19 AGO 2016;0,978;
22 AGO 2016;0,989;
23 AGO 2016;0,994;
24 AGO 2016;1,005;
25 AGO 2016;0,999;
26 AGO 2016;0,977;
29 AGO 2016;0,958;
30 AGO 2016;1,004;
31 AGO 2016;0,971;
01 SEP 2016;1,088;
02 SEP 2016;1,113;
05 SEP 2016;1,065;
06 SEP 2016;0,956;
07 SEP 2016;1,012;
08 SEP 2016;0,962;
09 SEP 2016;1,099;
12 SEP 2016;1,148;
13 SEP 2016;1,126;
14 SEP 2016;1,143;
15 SEP 2016;1,142;
16 SEP 2016;1,050;
19 SEP 2016;1,098;
20 SEP 2016;1,058;
21 SEP 2016;1,027;
22 SEP 2016;0,977;
23 SEP 2016;0,973;
26 SEP 2016;0,980;
27 SEP 2016;0,946;
28 SEP 2016;0,933;
29 SEP 2016;1,013;
30 SEP 2016;0,991;
03 OCT 2016;0,947;
04 OCT 2016;0,982;
05 OCT 2016;1,051;
06 OCT 2016;1,091;
07 OCT 2016;1,072;
10 OCT 2016;1,063;
11 OCT 2016;1,049;
12 OCT 2016;1,018;
13 OCT 2016;1,049;
14 OCT 2016;1,076;
17 OCT 2016;1,089;
18 OCT 2016;1,069;
19 OCT 2016;1,077;
20 OCT 2016;1,084;
21 OCT 2016;1,063;
24 OCT 2016;1,051;
25 OCT 2016;1,070;
26 OCT 2016;1,089;
27 OCT 2016;1,151;
28 OCT 2016;1,174;
31 OCT 2016;1,210;
01 NOV 2016;1,255;
02 NOV 2016;1,230;
03 NOV 2016;1,225;
04 NOV 2016;1,248;
07 NOV 2016;1,241;
08 NOV 2016;1,182;
09 NOV 2016;1,261;
10 NOV 2016;1,336;
11 NOV 2016;1,442;
14 NOV 2016;1,524;
15 NOV 2016;1,445;
16 NOV 2016;1,501;
17 NOV 2016;1,548;
18 NOV 2016;1,593;
21 NOV 2016;1,586;
22 NOV 2016;1,423;
23 NOV 2016;1,550;
24 NOV 2016;1,500;
25 NOV 2016;1,575;
28 NOV 2016;1,577;
29 NOV 2016;1,543;
30 NOV 2016;1,539;
01 DIC 2016;1,565;
02 DIC 2016;1,534;
05 DIC 2016;1,585;
06 DIC 2016;1,535;
07 DIC 2016;1,442;
08 DIC 2016;1,547;
09 DIC 2016;1,506;
12 DIC 2016;1,513;
13 DIC 2016;1,454;
14 DIC 2016;1,378;
15 DIC 2016;1,446;
16 DIC 2016;1,436;
19 DIC 2016;1,380;
20 DIC 2016;1,352;
21 DIC 2016;1,323;
22 DIC 2016;1,388;
23 DIC 2016;1,370;
26 DIC 2016;-;
27 DIC 2016;1,384;
28 DIC 2016;1,355;
29 DIC 2016;1,330;
30 DIC 2016;1,347;
02 ENE 2017;1,306;
03 ENE 2017;1,379;
04 ENE 2017;1,409;
05 ENE 2017;1,458;
06 ENE 2017;1,447;
09 ENE 2017;1,504;
10 ENE 2017;1,468;
11 ENE 2017;1,441;
12 ENE 2017;1,402;
13 ENE 2017;1,420;
16 ENE 2017;1,403;
17 ENE 2017;1,350;
18 ENE 2017;1,396;
19 ENE 2017;1,476;
20 ENE 2017;1,486;
23 ENE 2017;1,486;
24 ENE 2017;1,417;
25 ENE 2017;1,507;
26 ENE 2017;1,530;
27 ENE 2017;1,613;
30 ENE 2017;1,692;
31 ENE 2017;1,669;
01 FEB 2017;1,700;
02 FEB 2017;1,701;
03 FEB 2017;1,706;
06 FEB 2017;1,737;
07 FEB 2017;1,780;
08 FEB 2017;1,736;
09 FEB 2017;1,641;
10 FEB 2017;1,742;
13 FEB 2017;1,686;
14 FEB 2017;1,709;
15 FEB 2017;1,688;
16 FEB 2017;1,692;
17 FEB 2017;1,690;
20 FEB 2017;1,682;
21 FEB 2017;1,696;
22 FEB 2017;1,744;
23 FEB 2017;1,752;
24 FEB 2017;1,714;
27 FEB 2017;1,646;
28 FEB 2017;1,618;
01 MAR 2017;1,680;
02 MAR 2017;1,679;
03 MAR 2017;1,668;
06 MAR 2017;1,680;
07 MAR 2017;1,703;
08 MAR 2017;1,726;
09 MAR 2017;1,742;
10 MAR 2017;1,751;
13 MAR 2017;1,801;
14 MAR 2017;1,851;
15 MAR 2017;1,784;
16 MAR 2017;1,731;
17 MAR 2017;1,873;
20 MAR 2017;1,872;
21 MAR 2017;1,749;
22 MAR 2017;1,678;
23 MAR 2017;1,706;
24 MAR 2017;1,696;
27 MAR 2017;1,671;
28 MAR 2017;1,602;
29 MAR 2017;1,674;
30 MAR 2017;1,600;
31 MAR 2017;1,586;
03 ABR 2017;1,649;
04 ABR 2017;1,603;
05 ABR 2017;1,583;
06 ABR 2017;1,617;
07 ABR 2017;1,588;
10 ABR 2017;1,582;
11 ABR 2017;1,562;
12 ABR 2017;1,615;
13 ABR 2017;1,635;
14 ABR 2017;-;
17 ABR 2017;-;
18 ABR 2017;1,651;
19 ABR 2017;1,594;
20 ABR 2017;1,622;
21 ABR 2017;1,641;
24 ABR 2017;1,603;
25 ABR 2017;1,634;
26 ABR 2017;1,671;
27 ABR 2017;1,668;
28 ABR 2017;1,602;
01 MAY 2017;-;
02 MAY 2017;1,671;
03 MAY 2017;1,578;
04 MAY 2017;1,594;
05 MAY 2017;1,568;
08 MAY 2017;1,580;
09 MAY 2017;1,603;
10 MAY 2017;1,599;
11 MAY 2017;1,614;
12 MAY 2017;1,476;
15 MAY 2017;1,605;
16 MAY 2017;1,610;
17 MAY 2017;1,602;
18 MAY 2017;1,538;
19 MAY 2017;1,486;
22 MAY 2017;1,582;
23 MAY 2017;1,608;
24 MAY 2017;1,587;
25 MAY 2017;1,577;
26 MAY 2017;1,557;
29 MAY 2017;1,548;
30 MAY 2017;1,541;
31 MAY 2017;1,381;
01 JUN 2017;1,542;
02 JUN 2017;1,552;
05 JUN 2017;1,574;
06 JUN 2017;1,532;
07 JUN 2017;1,536;
08 JUN 2017;1,504;
09 JUN 2017;1,468;
12 JUN 2017;1,403;
13 JUN 2017;1,429;
14 JUN 2017;1,396;
15 JUN 2017;1,431;
16 JUN 2017;1,463;
19 JUN 2017;1,437;
20 JUN 2017;1,414;
21 JUN 2017;1,362;
22 JUN 2017;1,341;
23 JUN 2017;1,376;
26 JUN 2017;1,362;
27 JUN 2017;1,374;
28 JUN 2017;1,495;
29 JUN 2017;1,462;
30 JUN 2017;1,498;
03 JUL 2017;1,544;
04 JUL 2017;1,545;
05 JUL 2017;1,581;
06 JUL 2017;1,610;
07 JUL 2017;1,720;
10 JUL 2017;1,704;
11 JUL 2017;1,740;
12 JUL 2017;1,700;
13 JUL 2017;1,710;
14 JUL 2017;1,625;
17 JUL 2017;1,666;
18 JUL 2017;1,579;
19 JUL 2017;1,573;
20 JUL 2017;1,547;
21 JUL 2017;1,495;
24 JUL 2017;1,459;
25 JUL 2017;1,485;
26 JUL 2017;1,630;
27 JUL 2017;1,503;
28 JUL 2017;1,540;
31 JUL 2017;1,598;
01 AGO 2017;1,590;
02 AGO 2017;1,560;
03 AGO 2017;1,535;
04 AGO 2017;1,539;
07 AGO 2017;1,284;
08 AGO 2017;1,419;
09 AGO 2017;1,506;
10 AGO 2017;1,480;
11 AGO 2017;1,467;
14 AGO 2017;1,541;
15 AGO 2017;-;
16 AGO 2017;1,571;
17 AGO 2017;1,212;
18 AGO 2017;1,432;
21 AGO 2017;1,531;
22 AGO 2017;1,509;
23 AGO 2017;1,535;
24 AGO 2017;1,459;
25 AGO 2017;1,504;
28 AGO 2017;1,578;
29 AGO 2017;1,486;
30 AGO 2017;1,461;
31 AGO 2017;1,468;
01 SEP 2017;1,482;
04 SEP 2017;1,541;
05 SEP 2017;1,513;
06 SEP 2017;1,513;
07 SEP 2017;1,459;
08 SEP 2017;1,475;
11 SEP 2017;1,516;
12 SEP 2017;1,527;
13 SEP 2017;1,602;
14 SEP 2017;1,570;
15 SEP 2017;1,592;
18 SEP 2017;1,510;
19 SEP 2017;1,532;
20 SEP 2017;1,530;
21 SEP 2017;1,568;
22 SEP 2017;1,577;
25 SEP 2017;1,602;
26 SEP 2017;1,567;
27 SEP 2017;1,574;
28 SEP 2017;1,574;
29 SEP 2017;1,543;
02 OCT 2017;1,619;
03 OCT 2017;1,659;
04 OCT 2017;1,711;
05 OCT 2017;1,691;
06 OCT 2017;1,740;
09 OCT 2017;1,646;
10 OCT 2017;1,660;
11 OCT 2017;1,653;
12 OCT 2017;1,602;
13 OCT 2017;1,625;
16 OCT 2017;1,585;
17 OCT 2017;1,514;
18 OCT 2017;1,531;
19 OCT 2017;1,617;
20 OCT 2017;1,623;
23 OCT 2017;1,641;
24 OCT 2017;1,609;
25 OCT 2017;1,635;
26 OCT 2017;1,588;
27 OCT 2017;1,556;
30 OCT 2017;1,538;
31 OCT 2017;1,480;
01 NOV 2017;1,453;
02 NOV 2017;1,474;
03 NOV 2017;1,479;
06 NOV 2017;1,462;
07 NOV 2017;1,476;
08 NOV 2017;1,432;
09 NOV 2017;1,479;
10 NOV 2017;1,523;
13 NOV 2017;1,545;
14 NOV 2017;1,521;
15 NOV 2017;1,515;
16 NOV 2017;1,543;
17 NOV 2017;1,535;
20 NOV 2017;1,546;
21 NOV 2017;1,502;
22 NOV 2017;1,472;
23 NOV 2017;1,460;
24 NOV 2017;1,466;
27 NOV 2017;1,488;
28 NOV 2017;1,468;
29 NOV 2017;1,455;
30 NOV 2017;1,459;
01 DIC 2017;1,444;
04 DIC 2017;1,400;
05 DIC 2017;1,407;
06 DIC 2017;1,371;
07 DIC 2017;1,424;
08 DIC 2017;1,413;
11 DIC 2017;1,394;
12 DIC 2017;1,421;
13 DIC 2017;1,466;
14 DIC 2017;1,493;
15 DIC 2017;1,436;
18 DIC 2017;1,446;
19 DIC 2017;1,432;
20 DIC 2017;1,459;
21 DIC 2017;1,465;
22 DIC 2017;1,484;
25 DIC 2017;-;
26 DIC 2017;-;
27 DIC 2017;1,475;
28 DIC 2017;1,451;
29 DIC 2017;1,510;
01 ENE 2018;-;
02 ENE 2018;1,577;
03 ENE 2018;1,569;
04 ENE 2018;1,559;
05 ENE 2018;1,523;
08 ENE 2018;1,498;
09 ENE 2018;1,467;
10 ENE 2018;1,502;
11 ENE 2018;1,519;
12 ENE 2018;1,521;
15 ENE 2018;1,503;
16 ENE 2018;1,499;
17 ENE 2018;1,491;
18 ENE 2018;1,496;
19 ENE 2018;1,462;
22 ENE 2018;1,416;
23 ENE 2018;1,362;
24 ENE 2018;1,364;
25 ENE 2018;1,383;
26 ENE 2018;1,420;
29 ENE 2018;1,433;
30 ENE 2018;1,437;
31 ENE 2018;1,424;
01 FEB 2018;1,447;
02 FEB 2018;1,457;
05 FEB 2018;1,481;
06 FEB 2018;1,471;
07 FEB 2018;1,447;
08 FEB 2018;1,454;
09 FEB 2018;1,494;
12 FEB 2018;1,531;
13 FEB 2018;1,520;
14 FEB 2018;1,554;
15 FEB 2018;1,556;
16 FEB 2018;1,537;
19 FEB 2018;1,536;
20 FEB 2018;1,563;
21 FEB 2018;1,571;
22 FEB 2018;1,555;
23 FEB 2018;1,576;
26 FEB 2018;1,548;
27 FEB 2018;1,542;
28 FEB 2018;1,516;
01 MAR 2018;1,503;
02 MAR 2018;1,457;
05 MAR 2018;1,491;
06 MAR 2018;1,439;
07 MAR 2018;1,435;
08 MAR 2018;1,408;
09 MAR 2018;1,399;
12 MAR 2018;1,406;
13 MAR 2018;1,354;
14 MAR 2018;1,384;
15 MAR 2018;1,371;
16 MAR 2018;1,333;
19 MAR 2018;1,338;
20 MAR 2018;1,308;
21 MAR 2018;1,282;
22 MAR 2018;1,273;
23 MAR 2018;1,286;
26 MAR 2018;1,229;
27 MAR 2018;1,217;
28 MAR 2018;1,200;
29 MAR 2018;1,229;
30 MAR 2018;-;
02 ABR 2018;-;
03 ABR 2018;1,174;
04 ABR 2018;1,170;
05 ABR 2018;1,155;
06 ABR 2018;1,201;
09 ABR 2018;1,187;
10 ABR 2018;1,195;
11 ABR 2018;1,218;
12 ABR 2018;1,210;
13 ABR 2018;1,223;
16 ABR 2018;1,218;
17 ABR 2018;1,208;
18 ABR 2018;1,188;
19 ABR 2018;1,223;
20 ABR 2018;1,254;
23 ABR 2018;1,271;
24 ABR 2018;1,275;
25 ABR 2018;1,277;
26 ABR 2018;1,256;
27 ABR 2018;1,228;
30 ABR 2018;1,235;
01 MAY 2018;-;
02 MAY 2018;1,250;
03 MAY 2018;1,302;
04 MAY 2018;1,242;
07 MAY 2018;1,286;
08 MAY 2018;1,289;
09 MAY 2018;1,307;
10 MAY 2018;1,299;
11 MAY 2018;1,294;
14 MAY 2018;1,320;
15 MAY 2018;1,318;
16 MAY 2018;1,369;
17 MAY 2018;1,402;
18 MAY 2018;1,413;
21 MAY 2018;1,452;
22 MAY 2018;1,464;
23 MAY 2018;1,450;
24 MAY 2018;1,403;
25 MAY 2018;1,453;
28 MAY 2018;1,457;
29 MAY 2018;1,613;
30 MAY 2018;1,590;
31 MAY 2018;1,515;
01 JUN 2018;1,434;
04 JUN 2018;1,375;
05 JUN 2018;1,351;
06 JUN 2018;1,432;
07 JUN 2018;1,461;
08 JUN 2018;1,442;
11 JUN 2018;1,427;
12 JUN 2018;1,430;
13 JUN 2018;1,421;
14 JUN 2018;1,410;
15 JUN 2018;1,339;
18 JUN 2018;1,334;
19 JUN 2018;1,279;
20 JUN 2018;1,239;
21 JUN 2018;1,288;
22 JUN 2018;1,324;
25 JUN 2018;1,369;
26 JUN 2018;1,377;
27 JUN 2018;1,372;
28 JUN 2018;1,364;
29 JUN 2018;1,363;
02 JUL 2018;1,329;
03 JUL 2018;1,302;
04 JUL 2018;1,310;
05 JUL 2018;1,328;
06 JUL 2018;1,335;
09 JUL 2018;1,329;
10 JUL 2018;1,314;
11 JUL 2018;1,294;
12 JUL 2018;1,323;
13 JUL 2018;1,303;
16 JUL 2018;1,333;
17 JUL 2018;1,296;
18 JUL 2018;1,269;
19 JUL 2018;1,305;
20 JUL 2018;1,304;
23 JUL 2018;1,330;
24 JUL 2018;1,334;
25 JUL 2018;1,307;
26 JUL 2018;1,311;
27 JUL 2018;1,313;
30 JUL 2018;1,333;
31 JUL 2018;1,384;
01 AGO 2018;1,369;
02 AGO 2018;1,404;
03 AGO 2018;1,429;
06 AGO 2018;1,362;
07 AGO 2018;1,372;
08 AGO 2018;1,350;
09 AGO 2018;1,356;
10 AGO 2018;1,348;
13 AGO 2018;1,398;
14 AGO 2018;1,392;
15 AGO 2018;1,385;
16 AGO 2018;1,387;
17 AGO 2018;1,384;
20 AGO 2018;1,395;
21 AGO 2018;1,335;
22 AGO 2018;1,315;
23 AGO 2018;1,317;
24 AGO 2018;1,327;
27 AGO 2018;1,338;
28 AGO 2018;1,348;
29 AGO 2018;1,409;
30 AGO 2018;1,416;
31 AGO 2018;1,429;
03 SEP 2018;1,431;
04 SEP 2018;1,417;
05 SEP 2018;1,378;
06 SEP 2018;1,415;
07 SEP 2018;1,409;
10 SEP 2018;1,423;
11 SEP 2018;1,422;
12 SEP 2018;1,428;
13 SEP 2018;1,420;
14 SEP 2018;1,426;
17 SEP 2018;1,431;
18 SEP 2018;1,431;
19 SEP 2018;1,469;
20 SEP 2018;1,480;
21 SEP 2018;1,470;
24 SEP 2018;1,485;
25 SEP 2018;1,469;
26 SEP 2018;1,484;
27 SEP 2018;1,483;
28 SEP 2018;1,465;
01 OCT 2018;1,459;
02 OCT 2018;1,485;
03 OCT 2018;1,495;
04 OCT 2018;1,523;
05 OCT 2018;1,529;
08 OCT 2018;1,541;
09 OCT 2018;1,568;
10 OCT 2018;1,623;
11 OCT 2018;1,575;
12 OCT 2018;1,610;
15 OCT 2018;1,630;
16 OCT 2018;1,628;
17 OCT 2018;1,649;
18 OCT 2018;1,639;
19 OCT 2018;1,723;
22 OCT 2018;1,658;
23 OCT 2018;1,627;
24 OCT 2018;1,606;
25 OCT 2018;1,567;
26 OCT 2018;1,527;
29 OCT 2018;1,494;
30 OCT 2018;1,512;
31 OCT 2018;1,524;
01 NOV 2018;1,539;
02 NOV 2018;1,547;
05 NOV 2018;1,572;
06 NOV 2018;1,556;
07 NOV 2018;1,581;
08 NOV 2018;1,608;
09 NOV 2018;1,596;
12 NOV 2018;1,586;
13 NOV 2018;1,599;
14 NOV 2018;1,606;
15 NOV 2018;1,595;
16 NOV 2018;1,621;
19 NOV 2018;1,622;
20 NOV 2018;1,644;
21 NOV 2018;1,632;
22 NOV 2018;1,627;
23 NOV 2018;1,623;
26 NOV 2018;1,585;
27 NOV 2018;1,527;
28 NOV 2018;1,550;
29 NOV 2018;1,501;
30 NOV 2018;1,496;
03 DIC 2018;1,489;
04 DIC 2018;1,485;
05 DIC 2018;1,469;
06 DIC 2018;1,454;
07 DIC 2018;1,454;
10 DIC 2018;1,445;
11 DIC 2018;1,441;
12 DIC 2018;1,423;
13 DIC 2018;1,416;
14 DIC 2018;1,411;
17 DIC 2018;1,405;
18 DIC 2018;1,521;
19 DIC 2018;1,366;
20 DIC 2018;1,380;
21 DIC 2018;1,369;
24 DIC 2018;1,389;
25 DIC 2018;-;
26 DIC 2018;-;
27 DIC 2018;1,390;
28 DIC 2018;1,384;
31 DIC 2018;1,407;
01 ENE 2019;-;
02 ENE 2019;1,397;
03 ENE 2019;1,479;
04 ENE 2019;1,430;
07 ENE 2019;1,475;
08 ENE 2019;1,505;
09 ENE 2019;1,506;
10 ENE 2019;1,456;
11 ENE 2019;1,439;
14 ENE 2019;1,441;
15 ENE 2019;1,378;
16 ENE 2019;1,379;
17 ENE 2019;1,356;
18 ENE 2019;1,346;
21 ENE 2019;1,348;
22 ENE 2019;1,347;
23 ENE 2019;1,332;
24 ENE 2019;1,275;
25 ENE 2019;1,268;
28 ENE 2019;1,237;
29 ENE 2019;1,304;
30 ENE 2019;1,316;
31 ENE 2019;1,319;
01 FEB 2019;1,308;
04 FEB 2019;1,310;
05 FEB 2019;1,303;
06 FEB 2019;1,307;
07 FEB 2019;1,313;
08 FEB 2019;1,298;
11 FEB 2019;1,308;
12 FEB 2019;1,294;
13 FEB 2019;1,284;
14 FEB 2019;1,277;
15 FEB 2019;1,261;
18 FEB 2019;1,294;
19 FEB 2019;1,292;
20 FEB 2019;1,278;
21 FEB 2019;1,284;
22 FEB 2019;1,284;
25 FEB 2019;1,245;
26 FEB 2019;1,210;
27 FEB 2019;1,214;
28 FEB 2019;1,255;
01 MAR 2019;1,232;
04 MAR 2019;1,269;
05 MAR 2019;1,305;
06 MAR 2019;1,211;
07 MAR 2019;1,192;
08 MAR 2019;1,092;
11 MAR 2019;1,116;
12 MAR 2019;1,107;
13 MAR 2019;1,133;
14 MAR 2019;1,128;
15 MAR 2019;1,125;
18 MAR 2019;1,134;
19 MAR 2019;1,113;
20 MAR 2019;1,125;
21 MAR 2019;1,103;
22 MAR 2019;1,072;
25 MAR 2019;1,017;
26 MAR 2019;1,050;
27 MAR 2019;1,040;
28 MAR 2019;1,020;
29 MAR 2019;1,080;
01 ABR 2019;1,040;
02 ABR 2019;1,102;
03 ABR 2019;1,099;
04 ABR 2019;1,122;
05 ABR 2019;1,077;
08 ABR 2019;1,057;
09 ABR 2019;1,067;
10 ABR 2019;1,061;
11 ABR 2019;1,027;
12 ABR 2019;0,979;
15 ABR 2019;1,036;
16 ABR 2019;1,078;
17 ABR 2019;1,064;
18 ABR 2019;1,094;
19 ABR 2019;-;
22 ABR 2019;-;
23 ABR 2019;1,082;
24 ABR 2019;1,093;
25 ABR 2019;1,069;
26 ABR 2019;1,072;
29 ABR 2019;1,020;
30 ABR 2019;1,007;
01 MAY 2019;-;
02 MAY 2019;0,941;
03 MAY 2019;0,980;
06 MAY 2019;0,920;
07 MAY 2019;0,920;
08 MAY 2019;0,951;
09 MAY 2019;0,952;
10 MAY 2019;0,971;
13 MAY 2019;0,971;
14 MAY 2019;0,972;
15 MAY 2019;0,967;
16 MAY 2019;0,887;
17 MAY 2019;0,868;
20 MAY 2019;0,869;
21 MAY 2019;0,867;
22 MAY 2019;0,864;
23 MAY 2019;0,832;
24 MAY 2019;0,829;
27 MAY 2019;0,811;
28 MAY 2019;0,786;
29 MAY 2019;0,741;
30 MAY 2019;0,725;
31 MAY 2019;0,729;
03 JUN 2019;0,680;
04 JUN 2019;0,651;
05 JUN 2019;0,641;
06 JUN 2019;0,589;
07 JUN 2019;0,562;
10 JUN 2019;0,552;
11 JUN 2019;0,571;
12 JUN 2019;0,572;
13 JUN 2019;0,527;
14 JUN 2019;0,493;
17 JUN 2019;0,493;
18 JUN 2019;0,442;
19 JUN 2019;0,424;
20 JUN 2019;0,383;
21 JUN 2019;0,392;
24 JUN 2019;0,423;
25 JUN 2019;0,400;
26 JUN 2019;0,392;
27 JUN 2019;0,409;
28 JUN 2019;0,392;
01 JUL 2019;0,401;
02 JUL 2019;0,327;
03 JUL 2019;0,236;
04 JUL 2019;0,221;
05 JUL 2019;0,302;
08 JUL 2019;0,359;
09 JUL 2019;0,396;
10 JUL 2019;0,405;
11 JUL 2019;0,381;
12 JUL 2019;0,493;
15 JUL 2019;0,500;
16 JUL 2019;0,386;
17 JUL 2019;0,424;
18 JUL 2019;0,390;
19 JUL 2019;0,366;
22 JUL 2019;0,364;
23 JUL 2019;0,374;
24 JUL 2019;0,310;
25 JUL 2019;0,281;
26 JUL 2019;0,317;
29 JUL 2019;0,297;
30 JUL 2019;0,340;
31 JUL 2019;0,298;
01 AGO 2019;0,290;
02 AGO 2019;0,236;
05 AGO 2019;0,224;
06 AGO 2019;0,193;
07 AGO 2019;0,136;
08 AGO 2019;0,187;
09 AGO 2019;0,212;
12 AGO 2019;0,212;
13 AGO 2019;0,199;
14 AGO 2019;0,157;
15 AGO 2019;0,119;
16 AGO 2019;0,040;
19 AGO 2019;0,105;
20 AGO 2019;0,080;
21 AGO 2019;0,102;
22 AGO 2019;0,095;
23 AGO 2019;0,139;
26 AGO 2019;0,111;
27 AGO 2019;0,078;
28 AGO 2019;0,053;
29 AGO 2019;0,052;
30 AGO 2019;0,099;
02 SEP 2019;0,089;
03 SEP 2019;0,070;
04 SEP 2019;0,117;
05 SEP 2019;0,177;
06 SEP 2019;0,174;
09 SEP 2019;0,196;
10 SEP 2019;0,221;
11 SEP 2019;0,239;
12 SEP 2019;0,370;
13 SEP 2019;0,256;
16 SEP 2019;0,261;
17 SEP 2019;0,238;
18 SEP 2019;0,249;
19 SEP 2019;0,229;
20 SEP 2019;0,227;
23 SEP 2019;0,154;
24 SEP 2019;0,126;
25 SEP 2019;0,089;
26 SEP 2019;0,108;
27 SEP 2019;0,130;
30 SEP 2019;0,131;
01 OCT 2019;0,170;
02 OCT 2019;0,139;
03 OCT 2019;0,128;
04 OCT 2019;0,104;
07 OCT 2019;0,102;
08 OCT 2019;0,125;
09 OCT 2019;0,122;
10 OCT 2019;0,163;
11 OCT 2019;0,184;
14 OCT 2019;0,220;
15 OCT 2019;0,190;
16 OCT 2019;0,217;
17 OCT 2019;0,253;
18 OCT 2019;0,240;
21 OCT 2019;0,266;
22 OCT 2019;0,252;
23 OCT 2019;0,231;
24 OCT 2019;0,236;
25 OCT 2019;0,241;
28 OCT 2019;0,284;
29 OCT 2019;0,287;
30 OCT 2019;0,276;
31 OCT 2019;0,228;
01 NOV 2019;0,242;
04 NOV 2019;0,296;
05 NOV 2019;0,315;
06 NOV 2019;0,314;
07 NOV 2019;0,322;
08 NOV 2019;0,388;
11 NOV 2019;0,400;
12 NOV 2019;0,437;
13 NOV 2019;0,437;
14 NOV 2019;0,428;
15 NOV 2019;0,451;
18 NOV 2019;0,425;
19 NOV 2019;0,411;
20 NOV 2019;0,392;
21 NOV 2019;0,429;
22 NOV 2019;0,439;
25 NOV 2019;0,405;
26 NOV 2019;0,390;
27 NOV 2019;0,384;
28 NOV 2019;0,393;
29 NOV 2019;0,386;
02 DIC 2019;0,470;
03 DIC 2019;0,460;
04 DIC 2019;0,425;
05 DIC 2019;0,456;
06 DIC 2019;0,482;
09 DIC 2019;0,478;
10 DIC 2019;0,459;
11 DIC 2019;0,428;
12 DIC 2019;0,415;
13 DIC 2019;0,441;
16 DIC 2019;0,411;
17 DIC 2019;0,410;
18 DIC 2019;0,406;
19 DIC 2019;0,449;
20 DIC 2019;0,460;
23 DIC 2019;0,430;
24 DIC 2019;0,344;
25 DIC 2019;-;
26 DIC 2019;-;
27 DIC 2019;0,410;
30 DIC 2019;0,441;
31 DIC 2019;0,455;
01 ENE 2020;-;
02 ENE 2020;0,451;
03 ENE 2020;0,432;
06 ENE 2020;0,385;
07 ENE 2020;0,382;
08 ENE 2020;0,401;
09 ENE 2020;0,413;
10 ENE 2020;0,436;
13 ENE 2020;0,443;
14 ENE 2020;0,466;
15 ENE 2020;0,476;
16 ENE 2020;0,506;
17 ENE 2020;0,516;
20 ENE 2020;0,505;
21 ENE 2020;0,499;
22 ENE 2020;0,478;
23 ENE 2020;0,445;
24 ENE 2020;0,410;
27 ENE 2020;0,364;
28 ENE 2020;0,303;
29 ENE 2020;0,307;
30 ENE 2020;0,304;
31 ENE 2020;0,293;
03 FEB 2020;0,283;
04 FEB 2020;0,291;
05 FEB 2020;0,303;
06 FEB 2020;0,339;
07 FEB 2020;0,317;
10 FEB 2020;0,324;
11 FEB 2020;0,314;
12 FEB 2020;0,293;
13 FEB 2020;0,286;
14 FEB 2020;0,282;
17 FEB 2020;0,282;
18 FEB 2020;0,269;
19 FEB 2020;0,267;
20 FEB 2020;0,243;
21 FEB 2020;0,227;
24 FEB 2020;0,200;
25 FEB 2020;0,208;
26 FEB 2020;0,215;
27 FEB 2020;0,245;
28 FEB 2020;0,296;
02 MAR 2020;0,263;
03 MAR 2020;0,258;
04 MAR 2020;0,198;
05 MAR 2020;0,168;
06 MAR 2020;0,218;
09 MAR 2020;0,228;
10 MAR 2020;0,274;
11 MAR 2020;0,280;
12 MAR 2020;0,271;
13 MAR 2020;0,441;
16 MAR 2020;0,584;
17 MAR 2020;0,693;
18 MAR 2020;0,888;
19 MAR 2020;0,920;
20 MAR 2020;0,783;
23 MAR 2020;0,711;
24 MAR 2020;0,753;
25 MAR 2020;0,804;
26 MAR 2020;0,774;
27 MAR 2020;0,604;
30 MAR 2020;0,550;
31 MAR 2020;0,542;
01 ABR 2020;0,628;
02 ABR 2020;0,682;
03 ABR 2020;0,701;
06 ABR 2020;0,715;
07 ABR 2020;0,715;
08 ABR 2020;0,744;
09 ABR 2020;0,795;
10 ABR 2020;-;
13 ABR 2020;-;
14 ABR 2020;0,786;
15 ABR 2020;0,823;
16 ABR 2020;0,801;
17 ABR 2020;0,816;
20 ABR 2020;0,791;
21 ABR 2020;0,850;
22 ABR 2020;0,991;
23 ABR 2020;1,081;
24 ABR 2020;1,011;
27 ABR 2020;0,971;
28 ABR 2020;0,889;
29 ABR 2020;0,831;
30 ABR 2020;0,813;
01 MAY 2020;0,766;
04 MAY 2020;0,792;
05 MAY 2020;0,808;
06 MAY 2020;0,821;
07 MAY 2020;0,856;
08 MAY 2020;0,851;
11 MAY 2020;0,817;
12 MAY 2020;0,837;
13 MAY 2020;0,817;
14 MAY 2020;0,761;
15 MAY 2020;0,781;
18 MAY 2020;0,781;
19 MAY 2020;0,756;
20 MAY 2020;0,702;
21 MAY 2020;0,704;
22 MAY 2020;0,676;
25 MAY 2020;0,682;
26 MAY 2020;0,659;
27 MAY 2020;0,649;
28 MAY 2020;0,605;
29 MAY 2020;0,583;
01 JUN 2020;0,567;
02 JUN 2020;0,533;
03 JUN 2020;0,530;
04 JUN 2020;0,569;
05 JUN 2020;0,542;
08 JUN 2020;0,542;
09 JUN 2020;0,530;
10 JUN 2020;0,553;
11 JUN 2020;0,616;
12 JUN 2020;0,611;
15 JUN 2020;0,576;
16 JUN 2020;0,525;
17 JUN 2020;0,517;
18 JUN 2020;0,522;
19 JUN 2020;0,511;
22 JUN 2020;0,474;
23 JUN 2020;0,457;
24 JUN 2020;0,448;
25 JUN 2020;0,453;
26 JUN 2020;0,446;
29 JUN 2020;0,438;
30 JUN 2020;0,416;
01 JUL 2020;0,425;
02 JUL 2020;0,466;
03 JUL 2020;0,441;
06 JUL 2020;0,442;
07 JUL 2020;0,411;
08 JUL 2020;0,389;
09 JUL 2020;0,392;
10 JUL 2020;0,389;
13 JUL 2020;0,392;
14 JUL 2020;0,417;
15 JUL 2020;0,401;
16 JUL 2020;0,411;
17 JUL 2020;0,407;
20 JUL 2020;0,371;
21 JUL 2020;0,359;
22 JUL 2020;0,350;
23 JUL 2020;0,315;
24 JUL 2020;0,301;
27 JUL 2020;0,331;
28 JUL 2020;0,327;
29 JUL 2020;0,336;
30 JUL 2020;0,300;
31 JUL 2020;0,289;
03 AGO 2020;0,301;
04 AGO 2020;0,310;
05 AGO 2020;0,280;
06 AGO 2020;0,266;
07 AGO 2020;0,268;
10 AGO 2020;0,231;
11 AGO 2020;0,231;
12 AGO 2020;0,262;
13 AGO 2020;0,283;
14 AGO 2020;0,338;
17 AGO 2020;0,348;
18 AGO 2020;0,315;
19 AGO 2020;0,305;
20 AGO 2020;0,290;
21 AGO 2020;0,284;
24 AGO 2020;0,278;
25 AGO 2020;0,311;
26 AGO 2020;0,352;
27 AGO 2020;0,345;
28 AGO 2020;0,336;
31 AGO 2020;0,387;
01 SEP 2020;0,397;
02 SEP 2020;0,380;
03 SEP 2020;0,352;
04 SEP 2020;0,327;
07 SEP 2020;0,339;
08 SEP 2020;0,317;
09 SEP 2020;0,323;
10 SEP 2020;0,305;
11 SEP 2020;0,312;
14 SEP 2020;0,291;
15 SEP 2020;0,285;
16 SEP 2020;0,250;
17 SEP 2020;0,258;
18 SEP 2020;0,260;
21 SEP 2020;0,265;
22 SEP 2020;0,252;
23 SEP 2020;0,221;
24 SEP 2020;0,204;
25 SEP 2020;0,216;
28 SEP 2020;0,216;
29 SEP 2020;0,227;
30 SEP 2020;0,178;
01 OCT 2020;0,210;
02 OCT 2020;0,216;
05 OCT 2020;0,192;
06 OCT 2020;0,216;
07 OCT 2020;0,230;
08 OCT 2020;0,216;
09 OCT 2020;0,184;
12 OCT 2020;0,160;
13 OCT 2020;0,139;
14 OCT 2020;0,137;
15 OCT 2020;0,132;
16 OCT 2020;0,144;
19 OCT 2020;0,120;
20 OCT 2020;0,145;
21 OCT 2020;0,165;
22 OCT 2020;0,183;
23 OCT 2020;0,170;
26 OCT 2020;0,159;
27 OCT 2020;0,162;
28 OCT 2020;0,148;
29 OCT 2020;0,171;
30 OCT 2020;0,145;
02 NOV 2020;0,138;
03 NOV 2020;0,116;
04 NOV 2020;0,112;
05 NOV 2020;0,074;
06 NOV 2020;0,080;
09 NOV 2020;0,095;
10 NOV 2020;0,143;
11 NOV 2020;0,173;
12 NOV 2020;0,154;
13 NOV 2020;0,134;
16 NOV 2020;0,100;
17 NOV 2020;0,088;
18 NOV 2020;0,081;
19 NOV 2020;0,072;
20 NOV 2020;0,069;
23 NOV 2020;0,063;
24 NOV 2020;0,065;
25 NOV 2020;0,065;
26 NOV 2020;0,055;
27 NOV 2020;0,049;
30 NOV 2020;0,050;
01 DIC 2020;0,080;
02 DIC 2020;0,101;
03 DIC 2020;0,095;
04 DIC 2020;0,059;
07 DIC 2020;0,068;
08 DIC 2020;0,044;
09 DIC 2020;0,033;
10 DIC 2020;0,022;
11 DIC 2020;0,006;
14 DIC 2020;-0,008;
15 DIC 2020;-0,005;
16 DIC 2020;-0,011;
17 DIC 2020;0,014;
18 DIC 2020;0,012;
21 DIC 2020;0,047;
22 DIC 2020;0,033;
23 DIC 2020;0,047;
24 DIC 2020;0,082;
25 DIC 2020;-;
28 DIC 2020;0,081;
29 DIC 2020;0,042;
30 DIC 2020;0,049;
31 DIC 2020;0,037;
01 ENE 2021;-;
04 ENE 2021;0,035;
05 ENE 2021;0,013;
06 ENE 2021;0,027;
07 ENE 2021;0,048;
08 ENE 2021;0,033;
11 ENE 2021;0,029;
12 ENE 2021;0,068;
13 ENE 2021;0,084;
14 ENE 2021;0,086;
15 ENE 2021;0,071;
18 ENE 2021;0,081;
19 ENE 2021;0,098;
20 ENE 2021;0,109;
21 ENE 2021;0,105;
22 ENE 2021;0,133;
25 ENE 2021;0,159;
26 ENE 2021;0,105;
27 ENE 2021;0,090;
28 ENE 2021;0,081;
29 ENE 2021;0,110;
01 FEB 2021;0,131;
02 FEB 2021;0,139;
03 FEB 2021;0,124;
04 FEB 2021;0,153;
05 FEB 2021;0,174;
08 FEB 2021;0,168;
09 FEB 2021;0,176;
10 FEB 2021;0,165;
11 FEB 2021;0,173;
12 FEB 2021;0,139;
15 FEB 2021;0,188;
16 FEB 2021;0,231;
17 FEB 2021;0,252;
18 FEB 2021;0,248;
19 FEB 2021;0,304;
22 FEB 2021;0,302;
23 FEB 2021;0,317;
24 FEB 2021;0,326;
25 FEB 2021;0,378;
26 FEB 2021;0,423;
01 MAR 2021;0,374;
02 MAR 2021;0,304;
03 MAR 2021;0,314;
04 MAR 2021;0,344;
05 MAR 2021;0,325;
08 MAR 2021;0,357;
09 MAR 2021;0,342;
10 MAR 2021;0,341;
11 MAR 2021;0,314;
12 MAR 2021;0,280;
15 MAR 2021;0,281;
16 MAR 2021;0,274;
17 MAR 2021;0,286;
18 MAR 2021;0,342;
19 MAR 2021;0,334;
22 MAR 2021;0,329;
23 MAR 2021;0,319;
24 MAR 2021;0,268;
25 MAR 2021;0,244;
26 MAR 2021;0,260;
29 MAR 2021;0,263;
30 MAR 2021;0,287;
31 MAR 2021;0,339;
01 ABR 2021;0,315;
02 ABR 2021;-;
05 ABR 2021;-;
06 ABR 2021;0,303;
07 ABR 2021;0,316;
08 ABR 2021;0,323;
09 ABR 2021;0,319;
12 ABR 2021;0,352;
13 ABR 2021;0,366;
14 ABR 2021;0,376;
15 ABR 2021;0,373;
16 ABR 2021;0,372;
19 ABR 2021;0,378;
20 ABR 2021;0,396;
21 ABR 2021;0,394;
22 ABR 2021;0,367;
23 ABR 2021;0,370;
26 ABR 2021;0,373;
27 ABR 2021;0,387;
28 ABR 2021;0,390;
29 ABR 2021;0,423;
30 ABR 2021;0,452;
03 MAY 2021;0,458;
04 MAY 2021;0,459;
05 MAY 2021;0,451;
06 MAY 2021;0,442;
07 MAY 2021;0,464;
10 MAY 2021;0,472;
11 MAY 2021;0,495;
12 MAY 2021;0,510;
13 MAY 2021;0,549;
14 MAY 2021;0,586;
17 MAY 2021;0,597;
18 MAY 2021;0,610;
19 MAY 2021;0,586;
20 MAY 2021;0,605;
21 MAY 2021;0,582;
24 MAY 2021;0,563;
25 MAY 2021;0,536;
26 MAY 2021;0,471;
27 MAY 2021;0,461;
28 MAY 2021;0,477;
31 MAY 2021;0,474;
01 JUN 2021;0,472;
02 JUN 2021;0,462;
03 JUN 2021;0,452;
04 JUN 2021;0,460;
07 JUN 2021;0,442;
08 JUN 2021;0,449;
09 JUN 2021;0,440;
10 JUN 2021;0,401;
11 JUN 2021;0,386;
14 JUN 2021;0,358;
15 JUN 2021;0,381;
16 JUN 2021;0,396;
17 JUN 2021;0,411;
18 JUN 2021;0,434;
21 JUN 2021;0,452;
22 JUN 2021;0,454;
23 JUN 2021;0,486;
24 JUN 2021;0,496;
25 JUN 2021;0,457;
28 JUN 2021;0,539;
29 JUN 2021;0,502;
30 JUN 2021;0,471;
01 JUL 2021;0,445;
02 JUL 2021;0,431;
05 JUL 2021;0,404;
06 JUL 2021;0,411;
07 JUL 2021;0,389;
08 JUL 2021;0,363;
09 JUL 2021;0,370;
12 JUL 2021;0,405;
13 JUL 2021;0,351;
14 JUL 2021;0,332;
15 JUL 2021;0,349;
16 JUL 2021;0,360;
19 JUL 2021;0,345;
20 JUL 2021;0,274;
21 JUL 2021;0,279;
22 JUL 2021;0,291;
23 JUL 2021;0,254;
26 JUL 2021;0,275;
27 JUL 2021;0,257;
28 JUL 2021;0,260;
29 JUL 2021;0,224;
30 JUL 2021;0,252;
02 AGO 2021;0,226;
03 AGO 2021;0,242;
04 AGO 2021;0,312;
05 AGO 2021;0,229;
06 AGO 2021;0,158;
09 AGO 2021;0,219;
10 AGO 2021;0,204;
11 AGO 2021;0,193;
12 AGO 2021;0,205;
13 AGO 2021;0,205;
16 AGO 2021;0,177;
17 AGO 2021;0,194;
18 AGO 2021;0,182;
19 AGO 2021;0,205;
20 AGO 2021;0,167;
23 AGO 2021;0,212;
24 AGO 2021;0,186;
25 AGO 2021;0,220;
26 AGO 2021;0,250;
27 AGO 2021;0,285;
30 AGO 2021;0,261;
31 AGO 2021;0,269;
01 SEP 2021;0,299;
02 SEP 2021;0,311;
03 SEP 2021;0,297;
06 SEP 2021;0,276;
07 SEP 2021;0,306;
08 SEP 2021;0,319;
09 SEP 2021;0,331;
10 SEP 2021;0,291;
13 SEP 2021;0,293;
14 SEP 2021;0,298;
15 SEP 2021;0,306;
16 SEP 2021;0,317;
17 SEP 2021;0,344;
20 SEP 2021;0,340;
21 SEP 2021;0,326;
22 SEP 2021;0,317;
23 SEP 2021;0,302;
24 SEP 2021;0,357;
27 SEP 2021;0,393;
28 SEP 2021;0,409;
29 SEP 2021;0,425;
30 SEP 2021;0,409;
01 OCT 2021;0,433;
04 OCT 2021;0,434;
05 OCT 2021;0,410;
06 OCT 2021;0,441;
07 OCT 2021;0,443;
08 OCT 2021;0,458;
11 OCT 2021;0,464;
12 OCT 2021;0,492;
13 OCT 2021;0,483;
14 OCT 2021;0,486;
15 OCT 2021;0,435;
18 OCT 2021;0,439;
19 OCT 2021;0,466;
20 OCT 2021;0,488;
21 OCT 2021;0,477;
22 OCT 2021;0,506;
25 OCT 2021;0,524;
26 OCT 2021;0,524;
27 OCT 2021;0,483;
28 OCT 2021;0,477;
29 OCT 2021;0,528;
01 NOV 2021;0,621;
02 NOV 2021;0,605;
03 NOV 2021;0,539;
04 NOV 2021;0,503;
05 NOV 2021;0,473;
08 NOV 2021;0,421;
09 NOV 2021;0,417;
10 NOV 2021;0,413;
11 NOV 2021;0,432;
12 NOV 2021;0,474;
15 NOV 2021;0,471;
16 NOV 2021;0,466;
17 NOV 2021;0,482;
18 NOV 2021;0,479;
19 NOV 2021;0,462;
22 NOV 2021;0,419;
23 NOV 2021;0,401;
24 NOV 2021;0,485;
25 NOV 2021;0,526;
26 NOV 2021;0,500;
29 NOV 2021;0,461;
30 NOV 2021;0,437;
01 DIC 2021;0,438;
02 DIC 2021;0,411;
03 DIC 2021;0,412;
06 DIC 2021;0,367;
07 DIC 2021;0,351;
08 DIC 2021;0,355;
09 DIC 2021;0,362;
10 DIC 2021;0,379;
13 DIC 2021;0,386;
14 DIC 2021;0,324;
15 DIC 2021;0,364;
16 DIC 2021;0,342;
17 DIC 2021;0,370;
20 DIC 2021;0,353;
21 DIC 2021;0,385;
22 DIC 2021;0,401;
23 DIC 2021;0,470;
24 DIC 2021;-;
27 DIC 2021;0,510;
28 DIC 2021;0,509;
29 DIC 2021;0,509;
30 DIC 2021;0,546;
31 DIC 2021;0,549;
03 ENE 2022;0,560;
04 ENE 2022;0,575;
05 ENE 2022;0,580;
06 ENE 2022;0,600;
07 ENE 2022;0,624;
10 ENE 2022;0,640;
11 ENE 2022;0,636;
12 ENE 2022;0,712;
13 ENE 2022;0,671;
14 ENE 2022;0,680;
17 ENE 2022;0,702;
18 ENE 2022;0,722;
19 ENE 2022;0,690;
20 ENE 2022;0,737;
21 ENE 2022;0,690;
24 ENE 2022;0,679;
25 ENE 2022;0,639;
26 ENE 2022;0,654;
27 ENE 2022;0,698;
28 ENE 2022;0,727;
31 ENE 2022;0,739;
01 FEB 2022;0,755;
02 FEB 2022;0,782;
03 FEB 2022;0,819;
04 FEB 2022;0,958;
07 FEB 2022;1,073;
08 FEB 2022;1,101;
09 FEB 2022;1,108;
10 FEB 2022;1,121;
11 FEB 2022;1,196;
14 FEB 2022;1,221;
15 FEB 2022;1,216;
16 FEB 2022;1,253;
17 FEB 2022;1,249;
18 FEB 2022;1,209;
21 FEB 2022;1,203;
22 FEB 2022;1,186;
23 FEB 2022;1,243;
24 FEB 2022;1,226;
25 FEB 2022;1,166;
28 FEB 2022;1,158;
01 MAR 2022;1,106;
02 MAR 2022;0,930;
03 MAR 2022;0,952;
04 MAR 2022;0,985;
07 MAR 2022;0,968;
08 MAR 2022;0,987;
09 MAR 2022;1,011;
10 MAR 2022;1,094;
11 MAR 2022;1,164;
14 MAR 2022;1,262;
15 MAR 2022;1,292;
16 MAR 2022;1,266;
17 MAR 2022;1,298;
18 MAR 2022;1,283;
21 MAR 2022;1,268;
22 MAR 2022;1,347;
23 MAR 2022;1,373;
24 MAR 2022;1,378;
25 MAR 2022;1,350;
28 MAR 2022;1,397;
29 MAR 2022;1,470;
30 MAR 2022;1,507;
31 MAR 2022;1,495;
01 ABR 2022;1,462;
04 ABR 2022;1,460;
05 ABR 2022;1,452;
06 ABR 2022;1,524;
07 ABR 2022;1,611;
08 ABR 2022;1,640;
11 ABR 2022;1,670;
12 ABR 2022;1,709;
13 ABR 2022;1,683;
14 ABR 2022;1,720;
15 ABR 2022;-;
18 ABR 2022;-;
19 ABR 2022;1,700;
20 ABR 2022;1,792;
21 ABR 2022;1,810;
22 ABR 2022;1,834;
25 ABR 2022;1,863;
26 ABR 2022;1,840;
27 ABR 2022;1,745;
28 ABR 2022;1,770;
29 ABR 2022;1,815;
02 MAY 2022;1,919;
03 MAY 2022;1,978;
04 MAY 2022;2,003;
05 MAY 2022;2,065;
06 MAY 2022;2,115;
09 MAY 2022;2,191;
10 MAY 2022;2,151;
11 MAY 2022;2,053;
12 MAY 2022;1,954;
13 MAY 2022;1,944;
16 MAY 2022;1,963;
17 MAY 2022;2,029;
18 MAY 2022;2,109;
19 MAY 2022;2,064;
20 MAY 2022;2,022;
23 MAY 2022;2,070;
24 MAY 2022;2,101;
25 MAY 2022;2,070;
26 MAY 2022;2,055;
27 MAY 2022;2,022;
30 MAY 2022;2,092;
31 MAY 2022;2,160;
01 JUN 2022;2,196;
02 JUN 2022;2,249;
03 JUN 2022;2,376;
06 JUN 2022;2,403;
07 JUN 2022;2,426;
08 JUN 2022;2,484;
09 JUN 2022;2,498;
10 JUN 2022;2,634;
13 JUN 2022;2,724;
14 JUN 2022;2,946;
15 JUN 2022;3,047;
16 JUN 2022;2,996;
17 JUN 2022;3,000;
20 JUN 2022;2,778;
21 JUN 2022;2,771;
22 JUN 2022;2,842;
23 JUN 2022;2,669;
24 JUN 2022;2,596;
27 JUN 2022;2,631;
28 JUN 2022;2,679;
29 JUN 2022;2,734;
30 JUN 2022;2,588;
01 JUL 2022;2,544;
04 JUL 2022;2,406;
05 JUL 2022;2,418;
06 JUL 2022;2,371;
07 JUL 2022;2,397;
08 JUL 2022;2,426;
11 JUL 2022;2,433;
12 JUL 2022;2,401;
13 JUL 2022;2,237;
14 JUL 2022;2,328;
15 JUL 2022;2,398;
18 JUL 2022;2,355;
19 JUL 2022;2,381;
20 JUL 2022;2,424;
21 JUL 2022;2,444;
22 JUL 2022;2,396;
25 JUL 2022;2,196;
26 JUL 2022;2,166;
27 JUL 2022;2,105;
28 JUL 2022;2,115;
29 JUL 2022;2,057;
01 AGO 2022;1,940;
02 AGO 2022;1,836;
03 AGO 2022;1,864;
04 AGO 2022;1,935;
05 AGO 2022;1,942;
08 AGO 2022;1,948;
09 AGO 2022;1,969;
10 AGO 2022;2,008;
11 AGO 2022;1,992;
12 AGO 2022;2,046;
15 AGO 2022;2,075;
16 AGO 2022;2,007;
17 AGO 2022;2,047;
18 AGO 2022;2,221;
19 AGO 2022;2,209;
22 AGO 2022;2,338;
23 AGO 2022;2,394;
24 AGO 2022;2,468;
25 AGO 2022;2,508;
26 AGO 2022;2,478;
29 AGO 2022;2,515;
30 AGO 2022;2,656;
31 AGO 2022;2,649;
01 SEP 2022;2,755;
02 SEP 2022;2,778;
05 SEP 2022;2,739;
06 SEP 2022;2,750;
07 SEP 2022;2,756;
08 SEP 2022;2,706;
09 SEP 2022;2,808;
12 SEP 2022;2,823;
13 SEP 2022;2,786;
14 SEP 2022;2,805;
15 SEP 2022;2,863;
16 SEP 2022;2,860;
19 SEP 2022;2,911;
20 SEP 2022;2,999;
21 SEP 2022;3,046;
22 SEP 2022;2,995;
23 SEP 2022;3,040;
26 SEP 2022;3,147;
27 SEP 2022;3,262;
28 SEP 2022;3,367;
29 SEP 2022;3,380;
30 SEP 2022;3,369;
03 OCT 2022;3,275;
04 OCT 2022;3,066;
05 OCT 2022;3,074;
06 OCT 2022;3,207;
07 OCT 2022;3,237;
10 OCT 2022;3,329;
11 OCT 2022;3,401;
12 OCT 2022;3,454;
13 OCT 2022;3,431;
14 OCT 2022;3,328;
17 OCT 2022;3,402;
18 OCT 2022;3,440;
19 OCT 2022;3,358;
20 OCT 2022;3,446;
21 OCT 2022;3,527;
24 OCT 2022;3,508;
25 OCT 2022;3,334;
26 OCT 2022;3,273;
27 OCT 2022;3,224;
28 OCT 2022;3,156;
31 OCT 2022;3,128;
01 NOV 2022;3,166;
02 NOV 2022;3,185;
03 NOV 2022;3,269;
04 NOV 2022;3,313;
07 NOV 2022;3,310;
08 NOV 2022;3,328;
09 NOV 2022;3,302;
10 NOV 2022;3,248;
11 NOV 2022;3,141;
14 NOV 2022;3,154;
15 NOV 2022;3,177;
16 NOV 2022;3,098;
17 NOV 2022;3,072;
18 NOV 2022;3,069;
21 NOV 2022;3,022;
22 NOV 2022;3,010;
23 NOV 2022;2,955;
24 NOV 2022;2,827;
25 NOV 2022;2,815;
28 NOV 2022;2,961;
29 NOV 2022;2,950;
30 NOV 2022;2,938;
01 DIC 2022;2,883;
02 DIC 2022;2,821;
05 DIC 2022;2,814;
06 DIC 2022;2,854;
07 DIC 2022;2,806;
08 DIC 2022;2,797;
09 DIC 2022;2,817;
12 DIC 2022;2,866;
13 DIC 2022;2,901;
14 DIC 2022;2,955;
15 DIC 2022;2,978;
16 DIC 2022;3,154;
19 DIC 2022;3,202;
20 DIC 2022;3,326;
21 DIC 2022;3,373;
22 DIC 2022;3,391;
23 DIC 2022;3,347;
26 DIC 2022;-;
27 DIC 2022;3,454;
28 DIC 2022;3,490;
29 DIC 2022;3,574;
30 DIC 2022;3,528;
02 ENE 2023;3,575;
03 ENE 2023;3,469;
04 ENE 2023;3,408;
05 ENE 2023;3,340;
06 ENE 2023;3,343;
09 ENE 2023;3,328;
10 ENE 2023;3,290;
11 ENE 2023;3,310;
12 ENE 2023;3,197;
13 ENE 2023;3,132;
16 ENE 2023;3,118;
17 ENE 2023;3,148;
18 ENE 2023;3,109;
19 ENE 2023;2,980;
20 ENE 2023;2,978;
23 ENE 2023;3,095;
24 ENE 2023;3,148;
25 ENE 2023;3,100;
26 ENE 2023;3,148;
27 ENE 2023;3,194;
30 ENE 2023;3,265;
31 ENE 2023;3,223;
01 FEB 2023;3,270;
02 FEB 2023;3,304;
03 FEB 2023;3,130;
06 FEB 2023;3,200;
07 FEB 2023;3,249;
08 FEB 2023;3,297;
09 FEB 2023;3,332;
10 FEB 2023;3,259;
13 FEB 2023;3,294;
14 FEB 2023;3,314;
15 FEB 2023;3,397;
16 FEB 2023;3,463;
17 FEB 2023;3,526;
20 FEB 2023;3,468;
21 FEB 2023;3,491;
22 FEB 2023;3,573;
23 FEB 2023;3,559;
24 FEB 2023;3,543;
27 FEB 2023;3,529;
28 FEB 2023;3,584;
01 MAR 2023;3,679;
02 MAR 2023;3,695;
03 MAR 2023;3,745;
06 MAR 2023;3,701;
07 MAR 2023;3,708;
08 MAR 2023;3,693;
09 MAR 2023;3,670;
10 MAR 2023;3,583;
13 MAR 2023;3,437;
14 MAR 2023;3,380;
15 MAR 2023;3,424;
16 MAR 2023;3,247;
17 MAR 2023;3,351;
20 MAR 2023;3,306;
21 MAR 2023;3,213;
22 MAR 2023;3,284;
23 MAR 2023;3,318;
24 MAR 2023;3,339;
27 MAR 2023;3,156;
28 MAR 2023;3,275;
29 MAR 2023;3,304;
30 MAR 2023;3,320;
31 MAR 2023;3,363;
03 ABR 2023;3,343;
04 ABR 2023;3,314;
05 ABR 2023;3,290;
06 ABR 2023;3,251;
07 ABR 2023;-;
10 ABR 2023;-;
11 ABR 2023;3,277;
12 ABR 2023;3,324;
13 ABR 2023;3,381;
14 ABR 2023;3,382;
17 ABR 2023;3,451;
18 ABR 2023;3,468;
19 ABR 2023;3,538;
20 ABR 2023;3,494;
21 ABR 2023;3,494;
24 ABR 2023;3,537;
25 ABR 2023;3,500;
26 ABR 2023;3,451;
27 ABR 2023;3,429;
28 ABR 2023;3,423;
01 MAY 2023;-;
02 MAY 2023;3,406;
03 MAY 2023;3,323;
04 MAY 2023;3,297;
05 MAY 2023;3,304;
08 MAY 2023;3,356;
09 MAY 2023;3,387;
10 MAY 2023;3,397;
11 MAY 2023;3,388;
12 MAY 2023;3,314;
15 MAY 2023;3,338;
16 MAY 2023;3,383;
17 MAY 2023;3,386;
18 MAY 2023;3,406;
19 MAY 2023;3,465;
22 MAY 2023;3,514;
23 MAY 2023;3,500;
24 MAY 2023;3,529;
25 MAY 2023;3,530;
26 MAY 2023;3,559;
29 MAY 2023;3,570;
30 MAY 2023;3,452;
31 MAY 2023;3,298;
01 JUN 2023;3,350;
02 JUN 2023;3,305;
05 JUN 2023;3,339;
06 JUN 2023;3,363;
07 JUN 2023;3,365;
08 JUN 2023;3,468;
09 JUN 2023;3,444;
12 JUN 2023;3,488;
13 JUN 2023;3,444;
14 JUN 2023;3,486;
15 JUN 2023;3,450;
16 JUN 2023;3,471;
19 JUN 2023;3,423;
20 JUN 2023;3,435;
21 JUN 2023;3,469;
22 JUN 2023;3,417;
23 JUN 2023;3,424;
26 JUN 2023;3,354;
27 JUN 2023;3,323;
28 JUN 2023;3,386;
29 JUN 2023;3,329;
30 JUN 2023;3,360;
03 JUL 2023;3,423;
04 JUL 2023;3,435;
05 JUL 2023;3,451;
06 JUL 2023;3,487;
07 JUL 2023;3,620;
10 JUL 2023;3,649;
11 JUL 2023;3,666;
12 JUL 2023;3,654;
13 JUL 2023;3,600;
14 JUL 2023;3,538;
17 JUL 2023;3,493;
18 JUL 2023;3,466;
19 JUL 2023;3,359;
20 JUL 2023;3,412;
21 JUL 2023;3,407;
24 JUL 2023;3,424;
25 JUL 2023;3,460;
26 JUL 2023;3,455;
27 JUL 2023;3,453;
28 JUL 2023;3,512;
31 JUL 2023;3,481;
01 AGO 2023;3,512;
02 AGO 2023;3,506;
03 AGO 2023;3,507;
04 AGO 2023;3,599;
07 AGO 2023;3,591;
08 AGO 2023;3,578;
09 AGO 2023;3,547;
10 AGO 2023;3,526;
11 AGO 2023;3,524;
14 AGO 2023;3,560;
15 AGO 2023;3,620;
16 AGO 2023;3,673;
17 AGO 2023;3,682;
18 AGO 2023;3,693;
21 AGO 2023;3,693;
22 AGO 2023;3,671;
23 AGO 2023;3,674;
24 AGO 2023;3,590;
25 AGO 2023;3,499;
28 AGO 2023;3,563;
29 AGO 2023;3,557;
30 AGO 2023;3,592;
31 AGO 2023;3,549;
01 SEP 2023;3,517;
04 SEP 2023;3,511;
05 SEP 2023;3,576;
06 SEP 2023;3,677;
07 SEP 2023;3,678;
08 SEP 2023;3,636;
11 SEP 2023;3,616;
12 SEP 2023;3,645;
13 SEP 2023;3,679;
14 SEP 2023;3,700;
15 SEP 2023;3,677;
18 SEP 2023;3,734;
19 SEP 2023;3,739;
20 SEP 2023;3,751;
21 SEP 2023;3,761;
22 SEP 2023;3,779;
25 SEP 2023;3,815;
26 SEP 2023;3,845;
27 SEP 2023;3,907;
28 SEP 2023;3,932;
29 SEP 2023;3,964;
02 OCT 2023;3,943;
03 OCT 2023;3,966;
04 OCT 2023;4,015;
05 OCT 2023;3,998;
06 OCT 2023;3,999;
09 OCT 2023;3,994;
10 OCT 2023;3,902;
11 OCT 2023;3,881;
12 OCT 2023;3,860;
13 OCT 2023;3,861;
16 OCT 2023;3,849;
17 OCT 2023;3,916;
18 OCT 2023;3,978;
19 OCT 2023;4,008;
20 OCT 2023;4,034;
23 OCT 2023;4,052;
24 OCT 2023;3,962;
25 OCT 2023;3,934;
26 OCT 2023;3,917;
27 OCT 2023;3,975;
30 OCT 2023;4,020;
31 OCT 2023;3,863;
01 NOV 2023;3,887;
02 NOV 2023;3,810;
03 NOV 2023;3,782;
06 NOV 2023;3,732;
07 NOV 2023;3,747;
08 NOV 2023;3,712;
09 NOV 2023;3,699;
10 NOV 2023;3,707;
13 NOV 2023;3,722;
14 NOV 2023;3,752;
15 NOV 2023;3,681;
16 NOV 2023;3,635;
17 NOV 2023;3,584;
20 NOV 2023;3,584;
21 NOV 2023;3,593;
22 NOV 2023;3,598;
23 NOV 2023;3,561;
24 NOV 2023;3,579;
27 NOV 2023;3,613;
28 NOV 2023;3,557;
29 NOV 2023;3,541;
30 NOV 2023;3,431;
01 DIC 2023;3,475;
04 DIC 2023;3,431;
05 DIC 2023;3,365;
06 DIC 2023;3,294;
07 DIC 2023;3,229;
08 DIC 2023;3,222;
11 DIC 2023;3,262;
12 DIC 2023;3,299;
13 DIC 2023;3,245;
14 DIC 2023;3,188;
15 DIC 2023;3,043;
18 DIC 2023;3,036;
19 DIC 2023;3,036;
20 DIC 2023;3,061;
21 DIC 2023;2,940;
22 DIC 2023;2,900;
25 DIC 2023;-;
26 DIC 2023;-;
27 DIC 2023;2,915;
28 DIC 2023;2,855;
29 DIC 2023;2,883;
01 ENE 2024;-;
02 ENE 2024;3,017;
03 ENE 2024;3,034;
04 ENE 2024;3,053;
05 ENE 2024;3,110;
08 ENE 2024;3,151;
09 ENE 2024;3,127;
10 ENE 2024;3,160;
11 ENE 2024;3,208;
12 ENE 2024;3,182;
15 ENE 2024;3,250;
16 ENE 2024;3,188;
17 ENE 2024;3,222;
18 ENE 2024;3,245;
19 ENE 2024;3,271;
22 ENE 2024;3,265;
23 ENE 2024;3,248;
24 ENE 2024;3,247;
25 ENE 2024;3,261;
26 ENE 2024;3,252;
29 ENE 2024;3,226;
30 ENE 2024;3,185;
31 ENE 2024;3,189;
01 FEB 2024;3,173;
02 FEB 2024;3,125;
05 FEB 2024;3,164;
06 FEB 2024;3,246;
07 FEB 2024;3,269;
08 FEB 2024;3,246;
09 FEB 2024;3,309;
12 FEB 2024;3,328;
13 FEB 2024;3,331;
14 FEB 2024;3,307;
15 FEB 2024;3,268;
16 FEB 2024;3,257;
19 FEB 2024;3,259;
20 FEB 2024;3,284;
21 FEB 2024;3,278;
22 FEB 2024;3,322;
23 FEB 2024;3,339;
26 FEB 2024;3,277;
27 FEB 2024;3,287;
28 FEB 2024;3,313;
29 FEB 2024;3,341;
01 MAR 2024;3,277;
04 MAR 2024;3,295;
05 MAR 2024;3,263;
06 MAR 2024;3,196;
07 MAR 2024;3,161;
08 MAR 2024;3,137;
11 MAR 2024;3,083;
12 MAR 2024;3,099;
13 MAR 2024;3,125;
14 MAR 2024;3,150;
15 MAR 2024;3,206;
18 MAR 2024;3,221;
19 MAR 2024;3,243;
20 MAR 2024;3,251;
21 MAR 2024;3,208;
22 MAR 2024;3,188;
25 MAR 2024;3,182;
26 MAR 2024;3,175;
27 MAR 2024;3,179;
28 MAR 2024;3,153;
29 MAR 2024;-;
01 ABR 2024;-;
02 ABR 2024;3,207;
03 ABR 2024;3,258;
04 ABR 2024;3,276;
05 ABR 2024;3,238;
08 ABR 2024;3,244;
09 ABR 2024;3,238;
10 ABR 2024;3,170;
11 ABR 2024;3,238;
12 ABR 2024;3,224;
15 ABR 2024;3,259;
16 ABR 2024;3,252;
17 ABR 2024;3,314;
18 ABR 2024;3,328;
19 ABR 2024;3,277;
22 ABR 2024;3,326;
23 ABR 2024;3,278;
24 ABR 2024;3,313;
25 ABR 2024;3,368;
26 ABR 2024;3,366;
29 ABR 2024;3,428;
30 ABR 2024;3,310;
01 MAY 2024;3,346;
02 MAY 2024;3,307;
03 MAY 2024;3,327;
06 MAY 2024;3,258;
07 MAY 2024;3,227;
08 MAY 2024;3,233;
09 MAY 2024;3,237;
10 MAY 2024;3,265;
13 MAY 2024;3,294;
14 MAY 2024;3,272;
15 MAY 2024;3,292;
16 MAY 2024;3,222;
17 MAY 2024;3,211;
20 MAY 2024;3,256;
21 MAY 2024;3,275;
22 MAY 2024;3,291;
23 MAY 2024;3,296;
24 MAY 2024;3,326;
27 MAY 2024;3,354;
28 MAY 2024;3,325;
29 MAY 2024;3,377;
30 MAY 2024;3,420;
31 MAY 2024;3,464;
03 JUN 2024;3,389;
04 JUN 2024;3,450;
05 JUN 2024;3,378;
06 JUN 2024;3,289;
07 JUN 2024;3,319;
10 JUN 2024;3,361;
11 JUN 2024;3,454;
12 JUN 2024;3,461;
13 JUN 2024;3,399;
14 JUN 2024;3,354;
17 JUN 2024;3,316;
18 JUN 2024;3,328;
19 JUN 2024;3,320;
20 JUN 2024;3,326;
21 JUN 2024;3,324;
24 JUN 2024;3,298;
25 JUN 2024;3,315;
26 JUN 2024;3,309;
27 JUN 2024;3,338;
28 JUN 2024;3,393;
01 JUL 2024;3,401;
02 JUL 2024;3,425;
03 JUL 2024;3,435;
04 JUL 2024;3,376;
05 JUL 2024;3,389;
08 JUL 2024;3,361;
09 JUL 2024;3,317;
10 JUL 2024;3,351;
11 JUL 2024;3,285;
12 JUL 2024;3,259;
15 JUL 2024;3,251;
16 JUL 2024;3,206;
17 JUL 2024;3,198;
18 JUL 2024;3,208;
19 JUL 2024;3,186;
22 JUL 2024;3,236;
23 JUL 2024;3,217;
24 JUL 2024;3,233;
25 JUL 2024;3,257;
26 JUL 2024;3,256;
29 JUL 2024;3,253;
30 JUL 2024;3,211;
31 JUL 2024;3,138;
01 AGO 2024;3,098;
02 AGO 2024;3,122;
05 AGO 2024;3,048;
06 AGO 2024;3,061;
07 AGO 2024;3,071;
08 AGO 2024;3,111;
09 AGO 2024;3,114;
12 AGO 2024;3,101;
13 AGO 2024;3,098;
14 AGO 2024;3,046;
15 AGO 2024;3,024;
16 AGO 2024;3,056;
19 AGO 2024;3,076;
20 AGO 2024;3,054;
21 AGO 2024;3,060;
22 AGO 2024;3,022;
23 AGO 2024;3,022;
26 AGO 2024;3,027;
27 AGO 2024;3,035;
28 AGO 2024;3,098;
29 AGO 2024;3,137;
30 AGO 2024;3,082;
02 SEP 2024;3,133;
03 SEP 2024;3,154;
04 SEP 2024;3,086;
05 SEP 2024;3,063;
06 SEP 2024;3,056;
09 SEP 2024;3,012;
10 SEP 2024;3,003;
11 SEP 2024;2,950;
12 SEP 2024;2,935;
13 SEP 2024;2,953;
16 SEP 2024;2,957;
17 SEP 2024;2,895;
18 SEP 2024;2,946;
19 SEP 2024;2,964;
20 SEP 2024;2,993;
23 SEP 2024;3,019;
24 SEP 2024;2,998;
25 SEP 2024;2,960;
26 SEP 2024;2,965;
27 SEP 2024;2,944;
30 SEP 2024;2,923;
01 OCT 2024;2,916;
02 OCT 2024;2,876;
03 OCT 2024;2,907;
04 OCT 2024;2,915;
07 OCT 2024;2,961;
08 OCT 2024;2,993;
09 OCT 2024;2,996;
10 OCT 2024;3,009;
11 OCT 2024;2,992;
14 OCT 2024;3,036;
15 OCT 2024;2,995;
16 OCT 2024;2,900;
17 OCT 2024;2,909;
18 OCT 2024;2,901;
21 OCT 2024;2,915;
22 OCT 2024;2,950;
23 OCT 2024;2,968;
24 OCT 2024;3,000;
25 OCT 2024;3,019;
28 OCT 2024;3,019;
29 OCT 2024;2,990;
30 OCT 2024;3,024;
31 OCT 2024;3,064;
01 NOV 2024;3,121;
04 NOV 2024;3,111;
05 NOV 2024;3,120;
06 NOV 2024;3,116;
07 NOV 2024;3,162;
08 NOV 2024;3,162;
11 NOV 2024;3,107;
12 NOV 2024;3,091;
13 NOV 2024;3,101;
14 NOV 2024;3,098;
15 NOV 2024;3,087;
18 NOV 2024;3,061;
19 NOV 2024;3,048;
20 NOV 2024;3,059;
21 NOV 2024;3,055;
22 NOV 2024;3,053;
25 NOV 2024;2,998;
26 NOV 2024;2,953;
27 NOV 2024;2,916;
28 NOV 2024;2,910;
29 NOV 2024;2,839;
02 DIC 2024;2,849;
03 DIC 2024;2,765;
04 DIC 2024;2,788;
05 DIC 2024;2,769;
06 DIC 2024;2,767;
09 DIC 2024;2,764;
10 DIC 2024;2,784;
11 DIC 2024;2,775;
12 DIC 2024;2,795;
13 DIC 2024;2,850;
16 DIC 2024;2,905;
17 DIC 2024;2,932;
18 DIC 2024;2,925;
19 DIC 2024;2,978;
20 DIC 2024;2,967;
23 DIC 2024;3,018;
24 DIC 2024;2,993;
25 DIC 2024;-;
26 DIC 2024;-;
27 DIC 2024;3,041;
30 DIC 2024;3,068;
31 DIC 2024;3,080;
01 ENE 2025;-;
02 ENE 2025;3,035;
03 ENE 2025;3,090;
06 ENE 2025;3,093;
07 ENE 2025;3,111;
08 ENE 2025;3,142;
09 ENE 2025;3,178;
10 ENE 2025;3,194;
13 ENE 2025;3,258;
14 ENE 2025;3,300;
15 ENE 2025;3,273;
16 ENE 2025;3,246;
17 ENE 2025;3,181;
20 ENE 2025;3,168;
21 ENE 2025;3,189;
22 ENE 2025;3,151;
23 ENE 2025;3,158;
24 ENE 2025;3,178;
27 ENE 2025;3,181;
28 ENE 2025;3,178;
29 ENE 2025;3,191;
30 ENE 2025;3,178;
31 ENE 2025;3,137;
03 FEB 2025;3,113;
04 FEB 2025;3,055;
05 FEB 2025;3,050;
06 FEB 2025;3,026;
07 FEB 2025;3,025;
10 FEB 2025;3,009;
11 FEB 2025;3,041;
12 FEB 2025;3,085;
13 FEB 2025;3,104;
14 FEB 2025;3,096;
17 FEB 2025;3,078;
18 FEB 2025;3,123;
19 FEB 2025;3,149;
20 FEB 2025;3,182;
21 FEB 2025;3,213;
24 FEB 2025;3,180;
25 FEB 2025;3,138;
26 FEB 2025;3,116;
27 FEB 2025;3,105;
28 FEB 2025;3,109;
03 MAR 2025;3,078;
04 MAR 2025;3,126;
05 MAR 2025;3,216;
06 MAR 2025;3,394;
07 MAR 2025;3,483;
10 MAR 2025;3,467;
11 MAR 2025;3,478;
12 MAR 2025;3,514;
13 MAR 2025;3,493;
14 MAR 2025;3,517;
17 MAR 2025;3,440;
18 MAR 2025;3,459;
19 MAR 2025;3,415;
20 MAR 2025;3,400;
21 MAR 2025;3,395;
24 MAR 2025;3,402;
25 MAR 2025;3,371;
26 MAR 2025;3,427;
27 MAR 2025;3,401;
28 MAR 2025;3,367;
31 MAR 2025;3,330;
01 ABR 2025;3,335;
02 ABR 2025;3,311;
03 ABR 2025;3,283;
04 ABR 2025;3,282;
07 ABR 2025;3,268;
08 ABR 2025;3,329;
09 ABR 2025;3,324;
10 ABR 2025;3,347;
11 ABR 2025;3,327;
14 ABR 2025;3,265;
15 ABR 2025;3,203;
16 ABR 2025;3,190;
17 ABR 2025;3,173;
18 ABR 2025;-;
21 ABR 2025;-;
22 ABR 2025;3,154;
23 ABR 2025;3,151;
24 ABR 2025;3,099;
25 ABR 2025;3,112;
28 ABR 2025;3,119;
29 ABR 2025;3,161;
30 ABR 2025;3,149;
01 MAY 2025;3,126;
02 MAY 2025;3,125;
05 MAY 2025;3,142;
06 MAY 2025;3,187;
07 MAY 2025;3,198;
08 MAY 2025;3,155;
09 MAY 2025;3,191;
12 MAY 2025;3,257;
13 MAY 2025;3,268;
14 MAY 2025;3,287;
15 MAY 2025;3,282;
16 MAY 2025;3,208;
19 MAY 2025;3,230;
20 MAY 2025;3,199;
21 MAY 2025;3,262;
22 MAY 2025;3,264;
23 MAY 2025;3,233;
26 MAY 2025;3,208;
27 MAY 2025;3,158;
28 MAY 2025;3,157;
29 MAY 2025;3,232;
30 MAY 2025;3,227;
02 JUN 2025;3,186;
03 JUN 2025;3,221;
04 JUN 2025;3,206;
05 JUN 2025;3,155;
06 JUN 2025;3,151;
09 JUN 2025;3,148;
10 JUN 2025;3,126;
11 JUN 2025;3,131;
12 JUN 2025;3,119;
13 JUN 2025;3,133;
16 JUN 2025;3,150;
17 JUN 2025;3,184;
18 JUN 2025;3,158;
19 JUN 2025;3,214;
20 JUN 2025;3,155;
23 JUN 2025;3,196;
24 JUN 2025;3,192;
25 JUN 2025;3,125;
26 JUN 2025;3,179;
27 JUN 2025;3,180;
30 JUN 2025;3,207;
01 JUL 2025;3,203;
02 JUL 2025;3,210;
03 JUL 2025;3,202;
04 JUL 2025;3,215;
07 JUL 2025;3,194;
08 JUL 2025;3,235;
09 JUL 2025;3,268;
10 JUL 2025;3,223;
11 JUL 2025;3,313;
14 JUL 2025;3,307;
15 JUL 2025;3,285;
16 JUL 2025;3,264;
17 JUL 2025;3,285;
18 JUL 2025;3,301;
21 JUL 2025;3,190;
22 JUL 2025;3,211;
23 JUL 2025;3,207;
24 JUL 2025;3,173;
25 JUL 2025;3,288;
28 JUL 2025;3,284;
29 JUL 2025;3,236;
30 JUL 2025;3,225;
31 JUL 2025;3,272;
01 AGO 2025;3,258;
04 AGO 2025;3,235;
05 AGO 2025;3,196;
06 AGO 2025;3,196;
07 AGO 2025;3,169;
08 AGO 2025;3,211;
11 AGO 2025;3,208;
12 AGO 2025;3,252;
13 AGO 2025;3,243;
14 AGO 2025;3,224;
15 AGO 2025;3,246;
18 AGO 2025;3,287;
19 AGO 2025;3,280;
20 AGO 2025;3,301;
21 AGO 2025;3,312;
22 AGO 2025;3,293;
25 AGO 2025;3,318;
26 AGO 2025;3,323;
27 AGO 2025;3,269;
28 AGO 2025;3,318;
29 AGO 2025;3,250;
01 SEP 2025;3,311;
02 SEP 2025;3,372;
03 SEP 2025;3,376;
04 SEP 2025;3,326;
05 SEP 2025;3,303;
08 SEP 2025;3,216;
09 SEP 2025;3,212;
10 SEP 2025;3,234;
11 SEP 2025;3,235;
12 SEP 2025;3,261;
15 SEP 2025;3,218;
16 SEP 2025;3,218;
17 SEP 2025;3,221;
18 SEP 2025;3,234;
19 SEP 2025;3,237;
22 SEP 2025;3,292;
23 SEP 2025;3,277;
24 SEP 2025;3,276;
25 SEP 2025;3,262;
26 SEP 2025;3,282;
29 SEP 2025;3,268;
30 SEP 2025;3,226;
01 OCT 2025;3,251;
02 OCT 2025;3,219;
03 OCT 2025;3,250;
06 OCT 2025;3,274;
07 OCT 2025;3,245;
08 OCT 2025;3,211;
09 OCT 2025;3,212;
10 OCT 2025;3,215;
13 OCT 2025;3,135;
14 OCT 2025;3,125;
15 OCT 2025;3,107;
16 OCT 2025;3,084;
17 OCT 2025;3,073;
20 OCT 2025;3,087;
21 OCT 2025;3,097;
22 OCT 2025;3,079;
23 OCT 2025;3,098;
FUENTE;-;
NOTAS;-;